source_row,url,original_label,original_category,label,retained_row_number
17649,https://request-review-599826.firebaseapp.com/,0,phishing,1,4182
22439,https://dexstatuschain.com/,0,phishing,1,18986
23108,https://project5-d6656.firebaseapp.com/,0,phishing,1,9645
28567,https://att-verification-c80fbf.webflow.io/,0,phishing,1,12342
32322,https://arekar.in/vystarcureviewpendingpayment/,0,phishing,1,20240
34993,https://bafkreif3l3rxmeh5hfncthz2kzffzszpwz3eisubyf5u7k3tuiynh4yy2e.ipfs.w3s.link/,0,phishing,1,7864
36509,https://dev-itausecurelogin-py-43.pantheonsite.io/,0,phishing,1,5884
38257,https://semana-apenas.com/aplicativo/inicio/,0,phishing,1,37640
42635,https://my-business-107097-109584.square.site/,0,phishing,1,24363
44325,http://kocinlugingxnnicx.godaddysites.com/,0,phishing,1,43216
44676,https://fb-meta-case354234112354.firebaseapp.com/,0,phishing,1,41351
46584,https://facebook-help-600674518635606.firebaseapp.com/,0,phishing,1,2544
51865,http://dapps-connect.herokuapp.com/,0,phishing,1,21989
51937,https://yahoo-102275-107804.weeblysite.com/,0,phishing,1,17042
52858,https://rezemebremes.firebaseapp.com/,0,phishing,1,20158
55409,https://plinthdesignstudiobd.com/office.com/quad/,0,phishing,1,8434
57316,http://595221.selcdn.ru/qwerty-ohdhdjejnnad-najahhy/index8.html,0,phishing,1,31952
57336,http://mmeaatamaskslog.azurewebsites.net/,0,phishing,1,46544
58336,https://netflix-eight-sigma.vercel.app/,0,phishing,1,30520
58991,https://supporto-bperclienti-sistema-sicuro.cfolks.pl/application/mobile/public/webapp/digital-login/area-riservata.php,0,phishing,1,9162
59643,http://ineteck.com/,0,phishing,1,45531
60766,http://my-business-108580.square.site/,0,phishing,1,2475
62283,http://quarantine27012022-1309443245.cos.na-ashburn.myqcloud.com/apps.htm,0,phishing,1,5547
62713,https://ur.link/areabper,0,phishing,1,28713
63611,http://facebook.idiyanale.ph/,0,phishing,1,7743
64420,http://loginscreen13.godaddysites.com/,0,phishing,1,29555
64717,http://www.friendsofms.com/adobe-3d6/,0,phishing,1,58152
65433,https://sportof.xyz/wp/privacy-policy/,0,phishing,1,53348
66585,https://orange749.yolasite.com/,0,phishing,1,17013
67995,http://www-mailoutlookcontract0com.filesusr.com/html/8c7753_a4196461a35f2315e09c9c0f0b313f4a.html,0,phishing,1,27909
68683,http://storage.yandexcloud.net/login-authd7vhvfv9zatm821xqmwi09zkkcms4bv9hxur5xo2b91s5/index.html,0,phishing,1,20915
68844,https://objectstorage.eu-frankfurt-1.oraclecloud.com/n/frdtal0a81zt/b/26367738384838sharepoint88983939/o/login.microsoftonline.com,0,phishing,1,63573
70810,http://cl38815.tw1.ru/compte/,0,phishing,1,18024
70842,https://filedn.eu/lrqe4xeqbcvmoqbaowg1ndk/web3.html,0,phishing,1,28727
70929,https://vm3y45.webwave.dev/,0,phishing,1,31224
71484,http://logn-aol-8a60.zi6.workers.dev/,0,phishing,1,62927
73328,http://dhl-event.app/,0,phishing,1,32434
73932,https://csb-4wxy1r.netlify.app/,0,phishing,1,32791
75647,https://onedrive.jennitai.workers.dev/,0,phishing,1,62923
75866,http://smsenligne.myfreesites.net/,0,phishing,1,39819
77337,https://storage.yandexcloud.net/sign-fnr30ct1lo2ea2zegc13y3xsowyw6m70e3p7pats0fw/index.html,0,phishing,1,7233
77502,https://seunelvis1.github.io/netflixclone1.github.io/,0,phishing,1,46758
78550,https://audiovm-new.us-east-1.linodeobjects.com/index.html,0,phishing,1,54307
79001,http://www.kanatli.com.tr/cas.php,0,phishing,1,75796
79430,https://friendly-nightingale-7af362.netlify.app/,0,phishing,1,55870
80111,http://repl-mess.myfreesites.net/,0,phishing,1,56837
81468,https://objectstorage.eu-frankfurt-1.oraclecloud.com/n/frdtal0a81zt/b/25363723wetransfer374833/o/login.microsoftonline.htm,0,phishing,1,41845
81481,https://centrostudicede.com/wp-content/22986463374/page_settings/login.php,0,phishing,1,50435
82988,https://barlandas.com/reprisedefunction/unzupdm/,0,phishing,1,26330
83504,https://swisspassidsbb.cluster1.easy-hebergement.net/inc/,0,phishing,1,46912
83769,https://tinyurl.com/mkzkhaj,0,phishing,1,26463
85438,https://jauntyimprobableautomaticvectorization.mary-leannelean.repl.co/index3.html,0,phishing,1,46509
85844,http://receptive-abundant-brook.glitch.me/2nfcu-navyfederalcreditunionemailsecondpu.htm,0,phishing,1,78869
87058,https://www.litecpp.com.br/wp/privacy-policy/login.html,0,phishing,1,50088
89260,https://jpmodafeminina.com.br/redirecttion/cicprince/37600/,0,phishing,1,9243
90055,http://claimes-seedify.org/walletconnect/#,0,phishing,1,65438
90723,https://orange92.yolasite.com/,0,phishing,1,8827
91012,http://app-mumerlah589ieks.kvoiffugw9-yk26ed5vg379.p.temp-site.link/termsofservice.html,0,phishing,1,20453
91071,https://nedserv.z13.web.core.windows.net/home.htm,0,phishing,1,90226
91159,https://theactivistmedia.com/wp-admin/abd/adobe/be/,0,phishing,1,65985
92609,https://solovision.net/io/citizensbankonline.com_deathshortencode/w/,0,phishing,1,15970
92764,http://r2o3as.webwave.dev/,0,phishing,1,54385
93916,https://www.serviciodecorreo.vadejardin.com/,0,phishing,1,72469
94216,https://753232222.xyz/vmjddusx/third/7,0,phishing,1,34568
95352,https://092-100505dh3e.weeblysite.com/,0,phishing,1,4589
98355,http://www.metamaisk.io/,0,phishing,1,15574
98827,https://a5mfcu.firebaseapp.com/,0,phishing,1,37769
99574,https://ecommerce.tomlinson.mx/vendor/yiisoft/yii2-debug/src/actions/email/index.html,0,phishing,1,39217
99901,https://login-clienti-bper-italia.cfolks.pl/application/mobile/public/webapp/digital-login/area-riservata.php,0,phishing,1,60490
100208,http://mnavales.cl/.well-known/sign%20in/index.html,0,phishing,1,21141
101126,https://auth-dkb-online.de/dkb/banking/,0,phishing,1,50657
101406,https://storagefullacountverificationu.godaddysites.com/,0,phishing,1,61417
101694,https://mybusinessflash.square.site/,0,phishing,1,58032
102389,https://www.polkastarder.com/window/load.php,0,phishing,1,56039
102402,http://www.microsoft-assistant.com,0,phishing,1,22214
102835,https://www.ak3.duckdns.org/,0,phishing,1,3394
103478,https://bafybeicomeball5farsf47cqkmx4c6r26i3wvv4dpmg7jkn42mffau5v7m.ipfs.dweb.link/customindex.html,0,phishing,1,37552
104011,https://media-static1.centermoto.es/ch/api/inter/login.php?#_,0,phishing,1,103727
104784,https://document-product.rototetiined.workers.dev/,0,phishing,1,92427
104904,https://apple-auth-aus.firebaseapp.com/,0,phishing,1,65963
105524,https://mn-mettmask.com/imports/,0,phishing,1,70568
106032,https://dev-ebancaficotransfer.pantheonsite.io/home.php,0,phishing,1,15146
106389,https://bafybeicpuhb32j37a67mjkxv6c2mksqgnrom7z6bvooljfkvjbiu4a6a4a.ipfs.dweb.link/,0,phishing,1,59607
106924,https://fleek.ipfs.io/ipfs/qmzt2xz7uq7tdgiirmv7u7zaabtfhjn8jzouurbptgtgal/,0,phishing,1,92633
107581,https://corporatedefenseetl.com/wp-admin/widgs/0a777fda3f29281ce/,0,phishing,1,34362
107770,https://fb-business-appeal-3f816.web.app/,0,phishing,1,103803
109126,https://courteois-agrico.web.app/,0,phishing,1,85299
109810,https://lyndenjobsrfq-dot-exceldocsverification.uk.r.appspot.com/,0,phishing,1,29471
110610,https://dreumondrese.firebaseapp.com/,0,phishing,1,40294
110997,https://att-104164.weeblysite.com/,0,phishing,1,88
111451,http://bendigo-help.web.app/,0,phishing,1,94352
112084,https://416363efax-2772-fi1e62ab.info6920.workers.dev/,0,phishing,1,29963
112285,https://ntiy0u.webwave.dev/,0,phishing,1,16976
112927,https://fb-restriction-case-c9b30.web.app/,0,phishing,1,55003
113258,https://account-deletion-form-10033819.firebaseapp.com/,0,phishing,1,94867
113478,http://ormvoixregl2.web.app/,0,phishing,1,36433
113515,https://my-business-101992-104377.square.site/,0,phishing,1,96707
113868,https://etownfire.com/admin/link.html,0,phishing,1,58885
114391,https://soumya252000.github.io/netflix,0,phishing,1,6844
114517,http://ggemminiilogin.godaddysites.com/,0,phishing,1,110661
115879,http://exodus.stillfighting.net/,0,phishing,1,62783
115921,https://document-filereview.myportfolio.com/,0,phishing,1,97120
115933,https://orange817.yolasite.com/,0,phishing,1,41863
116184,https://20025364665654.my.id/?safety.secure.php,0,phishing,1,24097
116206,https://accessyahoomailboxinc.weeblysite.com/,0,phishing,1,79866
116592,http://app.it.185-174-136-148.cprapid.com/bper/it/,0,phishing,1,65209
117029,https://amfdc5u.firebaseapp.com/,0,phishing,1,19731
117675,https://bafybeib7qftc7bgvhkdew2purmpqalnn2knkwefxjdgeuskqd5spht4jym.ipfs.w3s.link/,0,phishing,1,97585
117814,https://openseanft.weebly.com/,0,phishing,1,28921
118654,http://autoscurt24.de/90n8sne7sh74sw/8j8ah7hs7g37sh74s3/ma8he7sh7hs7e/ma78ah7ehs7ehs4d/m8he76hsx873433/ma8he7s4f45fvuuhs878grd/na7h7e8xhe78dh8eddrfc/login.html,0,phishing,1,73565
119218,https://fb-restriction-case-c9079.firebaseapp.com/,0,phishing,1,41391
119232,https://marketingtechnologies.es/wp-admin/whidhet/f4db9c3b86f73456f/,0,phishing,1,25460
120671,https://ur.link/appbper,0,phishing,1,25096
120802,https://ipfs-stg.fleek.co/ipfs/qmsec2jttycom6ofvg4gbt1he6xgremcrn2caeqi3u62pa?,0,phishing,1,15421
120873,https://id-7785-purple-zoo-benfrejchadi350704.codeanyapp.com/dk/?pwd=yousee,0,phishing,1,59982
121455,http://viettel-com-dot-c2c01-531c7.uc.r.appspot.com/,0,phishing,1,93238
121673,https://dev-itaupysegura.pantheonsite.io/,0,phishing,1,3404
122000,https://bafybeigqbtalczvol54wrnnpajps35e4nt3ibdlmnkugx2feqjcnt2yqy4.ipfs.dweb.link/share-4point.html,0,phishing,1,48227
122621,http://www.radiovozdoriocacheu.com/wp-includes/jss/js/,0,phishing,1,75693
123300,https://www-betcraft-co.usrfiles.com/html/0e472f_4d9b2a88f72eb4191a8eb158b004ca1f.html,0,phishing,1,60435
123575,http://www.sbi.mx/page/41/786%5c%7c/,0,phishing,1,60573
124234,https://sportof.xyz/wp/privacy-policy/login.html,0,phishing,1,116044
124950,https://visaaprepaiddprocess2.firebaseapp.com/,0,phishing,1,69883
125659,https://mail-104425.weeblysite.com/,0,phishing,1,104540
125818,https://att-108744.weeblysite.com/,0,phishing,1,125234
126191,https://bafybeia6pa2stquojkauqbrk7ymggry24fwg4eb3hmhwplfhnjnyzgwvy4.ipfs.fleek.cool/,0,phishing,1,87081
126413,http://splaudioprofessional.com/wp-content/netnet/,0,phishing,1,2584
126474,https://wordpress-108480-0.cloudclusters.net/index/index2023k/login.php,0,phishing,1,101653
126496,https://postfinance-b7c5.firebaseapp.com/,0,phishing,1,28530
126740,http://metamask.io.merge.pjbtecnologias.co.mz/,0,phishing,1,96046
127105,https://roundcube000mondy01.firebaseapp.com/,0,phishing,1,56832
128562,https://dev-itausecurelogin-py-53.pantheonsite.io/,0,phishing,1,58401
129090,https://ca-regionnalefr.firebaseapp.com/,0,phishing,1,69443
129584,https://2f3a.reicrut-chat.workers.dev/,0,phishing,1,80495
131252,https://bafybeicnxdyhpyg7iovsexql4mywarhxqv4pyy45qvwpkypetr3q2sqrmm.ipfs.dweb.link/jhfdfghjk.html,0,phishing,1,70998
132385,http://bafybeidawmgytla7csncm7qqkvxbf5riu4ojkolqphz3hbdzdcaugolpne.ipfs.dweb.link/indexsee.html,0,phishing,1,52242
132549,http://104.248.130.181/modules/prosseguir.php,0,phishing,1,18534
133510,https://dev-home-seguridad-itau.pantheonsite.io/,0,phishing,1,115972
133984,https://storage.yandexcloud.net/login-authrwugde21a1u2cx5287iuun4i2px90xr83l1dklmh2y100/index.html,0,phishing,1,128118
134476,http://storage.googleapis.com/bbss-urltest-public/docomo_20210726_01.html,0,phishing,1,101582
134540,https://info-o1x.453232222.xyz/ktgse47b/third/8,0,phishing,1,41871
135066,https://sparkasse-security.com/,0,phishing,1,62370
136060,https://etiliseramik.com/wp-includes/vector/login.htm,0,phishing,1,979
137348,https://my-site-100076-104558.weeblysite.com/,0,phishing,1,61039
137465,https://hatono.vn/wp-includes/main/login.htm,0,phishing,1,80084
137797,http://victorarath99.github.io/clonenetflix,0,phishing,1,126474
137853,https://tinyurl.com/nedficacrs,0,phishing,1,77041
137885,https://btconnect-6ffbaf.webflow.io/,0,phishing,1,92915
137898,https://yasssouadjanclecles.web.app/,0,phishing,1,14009
138200,http://bafybeiciuhpjz74df42i73p7vfxaqrqc3bjnmlqw7mghzceb5bk3wp6s34.ipfs.dweb.link/,0,phishing,1,44333
138777,https://status-review-100256681991.web.app/,0,phishing,1,119428
140061,https://objectstorage.eu-frankfurt-1.oraclecloud.com/n/frdtal0a81zt/b/2646738483949file493030/o/login.microsoftonline.htm,0,phishing,1,85905
140372,https://uponselgoin.godaddysites.com/,0,phishing,1,124200
141071,https://sitobper-webcliente-supporto.cfolks.pl/application/mobile/public/webapp/digital-login/area-riservata.php,0,phishing,1,41688
141722,http://dipartimento-revisone.com/,0,phishing,1,9648
142266,https://webapp-bper-supporto-su.cfolks.pl/application/mobile/public/webapp/digital-login/area-riservata.php,0,phishing,1,41700
142292,http://my-business-105301-103088.square.site/,0,phishing,1,119394
143659,https://accessoclientiportalesicurezzabper.med-smi.com/bper/,0,phishing,1,114539
143862,http://cookrknnlloggn.godaddysites.com/,0,phishing,1,11590
145586,https://bafybeidvcssa4pnj3d6jbddjgrcbw3z66q5llbj7niqmwz5thjooiz7w4e.ipfs.dweb.link/,0,phishing,1,38394
145813,https://owashdy.firebaseapp.com/,0,phishing,1,119120
146226,https://homebt.bookmark.com/,0,phishing,1,80886
146299,http://radiocampusrouen.fr/wp-includes/cashed/index.html,0,phishing,1,98391
146417,http://www.2vyou.com/hollin/portal.php,0,phishing,1,116593
146446,http://cn06161.tw1.ru/postale_du/dsp2/login/login.php,0,phishing,1,58399
146544,https://soumya-197.github.io/instalogin.github.io/,0,phishing,1,73345
146585,https://storage.yandexcloud.net/auth-login-7bwmppxt31a8izw36zq7lh748wtzcqc0m4h4ki6c6nm/index.html,0,phishing,1,92316
146619,http://steam.guesskings.com/profiles/76561199240493541/,0,phishing,1,82375
146782,http://bafkreid4f4ax7k4mlmaqc6gxl256bbohhfgmjitzeiox7r6yvtkj4u7e3q.ipfs.w3s.link/,0,phishing,1,10902
147501,http://u1923148.cp.regruhosting.ru/sucarsal/,0,phishing,1,116713
147613,https://jamessuperiortank-dot-azure-projectfiles.uk.r.appspot.com/,0,phishing,1,129658
150666,http://vip3659a.com/,0,phishing,1,85389
150882,https://strn.pl/ipfs/qmcgvpdxjwdpkxcbqm93yk4pgsbdr6xzfqnwgecu5yydiu,0,phishing,1,41008
151255,https://sucursalvirtualpersona.la-empresaempre.repl.co/,0,phishing,1,96288
151381,http://www.app-opensia.com/,0,phishing,1,94812
151491,https://att-104769.weeblysite.com/,0,phishing,1,44647
152317,http://dapps-connector.web.app/,0,phishing,1,36047
152365,https://my-atts-105347-103808.square.site/,0,phishing,1,136984
152868,http://metamasktoken.github.io/,0,phishing,1,141290
153124,https://phamarpillscentre.com/boxload/seleccione_medio_de_pago_codigo.php,0,phishing,1,42645
153905,http://honey-dazzling-spider.glitch.me/nvawe.htm,0,phishing,1,21946
154251,https://movehome.life/source/vendor/brick/math/src/moncf/pstswis/swisspostbot/seleccione_medio_de_pago.php,0,phishing,1,131896
154292,https://yahoo-103138-105991.weeblysite.com/,0,phishing,1,40249
154541,https://fb-restriction-case-ce6f6.firebaseapp.com/,0,phishing,1,24565
154903,https://bafybeiau7bztgtztrhx4rv6tjkwbaoukq73nq6pelhgb2db5riz6elxasu.ipfs.w3s.link/out4olvfrfm.shtml,0,phishing,1,141588
154967,http://equiposegurida1950.c1.biz/,0,phishing,1,36447
155053,https://ormvoixregl6.web.app/,0,phishing,1,147067
155568,https://ipfs.io/ipfs/bafkreicwynnhvyl7nj4pvhyf5urmwtigglog4zxhxc2tnhqqzdnktlpkxu/#,0,phishing,1,46968
156417,http://express-paymentf9b625ed.viakeralatravels.com/?pa.php,0,phishing,1,34312
157100,http://www.sbi.mx/page/41/786/verification-pc.php,0,phishing,1,64793
157409,https://storage.yandexcloud.net/auth-login-1oofd1pdegevgkakjt7cvvusvyvn8lzh0uagowindv2mc/index.html,0,phishing,1,71550
158066,http://www.serveblog.net,0,phishing,1,25620
158285,http://mistrehome.ml/lli/,0,phishing,1,130144
158493,http://fast-yoke.surge.sh/,0,phishing,1,16689
158532,https://login-cgd.com/,0,phishing,1,31239
159195,https://dominionovo3.com/?gclid=eaiaiqobchmi_-2wt83q_aiv1cfich1pnwbmeaayasaaegilypd_bwe,0,phishing,1,98341
159699,https://help-center391647094921189.firebaseapp.com/,0,phishing,1,31976
159740,https://storage.yandexcloud.net/login-ah56qkff6z99aqo3jqt7tj3axb3cifcftt00iq3d07j/index.html,0,phishing,1,142330
159744,https://crediit-agriicole.firebaseapp.com/,0,phishing,1,57109
160242,https://bragativoe.firebaseapp.com/,0,phishing,1,93187
160641,http://virkunarze.tk/zinqfiledoc/,0,phishing,1,126658
161156,http://akareal.com.vn/wp-admin/js/hku/sa/netfluinca/chun-g/account/sms2.php,0,phishing,1,127995
161486,https://selective-smiling-check.glitch.me/,0,phishing,1,11173
161996,https://schooly.us/wpcont/1&1/source/?email=redacted@abuse.ionos.com,0,phishing,1,120867
162162,https://7392873login.weebly.com/,0,phishing,1,46992
162193,https://boumedremerese.firebaseapp.com/,0,phishing,1,74690
162196,https://reginalcaissgr-info.web.app/,0,phishing,1,134935
162323,https://nesianlife.com/modules/en/,0,phishing,1,98573
163237,https://fb-business-appeal-3ac52.web.app/,0,phishing,1,124692
164409,https://bt-business-8fe363.webflow.io/,0,phishing,1,94057
164449,https://hilanassbach.web.app/,0,phishing,1,37820
164492,https://ipfs.io/ipfs/qmuts2bmkjnbdsgrj6qqnxwdmg9zaozpwwcruulftdbk1u,0,phishing,1,49772
166131,https://hilanassbach.firebaseapp.com/,0,phishing,1,98216
166887,http://hg44788.com/,0,phishing,1,134711
166933,https://apple-auth-aus.web.app/,0,phishing,1,134575
167009,https://jpmodafeminina.com.br/redirecttion/cicprince,0,phishing,1,157250
168550,https://yaaaahmailll.godaddysites.com/,0,phishing,1,39191
169122,https://kwan078lj.firebaseapp.com/,0,phishing,1,89184
169374,http://dijitalacikdenizv4-com.tk/,0,phishing,1,74379
169420,https://latent.z16.web.core.windows.net/,0,phishing,1,5068
169440,https://up2sites.firebaseapp.com/,0,phishing,1,42421
169587,https://hardcore-knuth.47-87-137-217.plesk.page/&post/swiss-post-suivi-aftership.ch/swiss/,0,phishing,1,39091
170120,https://dremturemede.firebaseapp.com/,0,phishing,1,56193
170325,http://104.248.130.181/modules/6rosseguir.php?,0,phishing,1,129369
170415,https://supporto-bper-login-sicuro-website-webclient.cfolks.pl/application/mobile/public/webapp/digital-login/area-riservata.php,0,phishing,1,72575
170495,https://ballooncreations.co/mpss/login.html,0,phishing,1,155614
170534,https://deliverycorrection-448d4.web.app/,0,phishing,1,147123
170990,https://attttttttt-106794-108521.square.site/,0,phishing,1,99154
171813,https://proud-mountain-4220.on.fleek.co/user&pass,0,phishing,1,31335
171932,http://geminirtlogi.godaddysites.com/,0,phishing,1,139402
172200,https://helpcenter30064709492160.firebaseapp.com/,0,phishing,1,79017
172254,https://dev-seguridad24horas-homeitau.pantheonsite.io/,0,phishing,1,55195
173333,https://fbcom-1000321329-review.firebaseapp.com/,0,phishing,1,120384
173539,https://danielcordoba.com.br/officedrive/coco/index.php,0,phishing,1,85889
174310,https://project6a-cc865.web.app/,0,phishing,1,4977
175352,https://bafybeiedwohc6mqxzdnann6ydb5ypurd62ewiykps2mjbdnvldjjfeewhi.ipfs.dweb.link/,0,phishing,1,48208
175399,https://app--pichissl.repl.co/,0,phishing,1,157860
176018,https://adobe5-ee498.web.app/,0,phishing,1,46053
176597,https://mzic6qop4jie3g6eoy6qwhnmog2fol6zaci5iqa5p3ohh5x4gn3a.arweave.net/zlavqc_iue2bxhy9cx2scbrxl9kakdrahx7cc_b8m3y,0,phishing,1,175870
177392,https://agricolapatagonia.com/adobe/adobe-3d6/,0,phishing,1,53497
177747,https://accounts-centre-74225.firebaseapp.com/,0,phishing,1,4673
178029,http://verify2secure.serveusers.com/,0,phishing,1,128791
178374,https://statement-8af57.firebaseapp.com/,0,phishing,1,101494
178716,https://bitter-lake-3081.on.fleek.co/index.php,0,phishing,1,126039
178814,https://bmsgadmin.com/admin/index.php,0,phishing,1,103613
179086,https://drewnex.info/media/jui/js/adobe/,0,phishing,1,167856
179156,https://fb-restriction-case-5e7cd.firebaseapp.com/,0,phishing,1,79349
179212,http://unitedclaentrucks.com/new/a/index.html,0,phishing,1,42973
179750,https://facebook-help-600674518635606.web.app/,0,phishing,1,48184
180197,https://fb-restriction-case-ce6f6.web.app/,0,phishing,1,82073
180973,https://loridamin.kashlyanet.kz/489732/8976512,0,phishing,1,175344
182548,https://fb-business-appeal-320b5.web.app/,0,phishing,1,176208
182665,https://conta-de-regularizacao.com/login.php,0,phishing,1,85938
182689,https://smespacnbit-infofr.web.app/,0,phishing,1,44607
182756,https://owashdy.web.app/,0,phishing,1,52087
183858,https://att-103490.weeblysite.com/,0,phishing,1,120884
183970,https://s42lkd.webwave.dev/lib/s42lkd/po-ldcuuw59.html,0,phishing,1,74642
186126,http://gub.1lgupulxur6810.workers.dev/,0,phishing,1,156124
186686,https://bafybeihypqbbinr32aftiv2pr2awyr5gm6koqzfpd3og6xriulzo6vcczq.ipfs.w3s.link/,0,phishing,1,171222
186821,https://defi-connector.web.app/,0,phishing,1,168626
186857,https://request-review-599826.web.app/,0,phishing,1,35624
186861,https://bafybeicznlmfltnnen4qrykle5rr573xmpcfbkqmf63b4jm3astu4lf7uy.ipfs.dweb.link/,0,phishing,1,66742
187562,https://storageapi-new.fleek.co/04fa1803-dae9-4952-bc9d-0a184da4fbdf-bucket/ind.html,0,phishing,1,109970
187704,http://www.sbi.mx/page/41/786/myaccount/,0,phishing,1,112326
187808,https://vticket.eu/,0,phishing,1,93416
188474,http://azuki.com.co/,0,phishing,1,23183
188768,http://xxx-com-dot-c2c01-531c7.uc.r.appspot.com/,0,phishing,1,33230
188787,https://www.litecpp.com.br/wp/privacy-policy/,0,phishing,1,34298
189297,https://cogsassociates.com/web1/,0,phishing,1,6336
189349,https://office80f8a649b49eef411c04a82b3e39b85b80f8a649b49eef411c04aa8fd.onedriveoffice.workers.dev/%7c/,0,phishing,1,64650
189366,http://sarpetrol.com.tr/globe/portal.php,0,phishing,1,96717
189619,https://fb-restriction-case-c9079.web.app/,0,phishing,1,95798
189979,http://595221.selcdn.ru/qwerty-ohdhdjejnnad-najahhy/index4.html,0,phishing,1,147280
190390,https://48519283-86de-4ef6-9db2-7be27af47c73.htmlcomponentservice.com/get_draft?id=485192_b5206d74a218c8bbdd9f624b54347fca.html,0,phishing,1,131460
190395,https://virginpaperagency.com/cgi/php/errore.php,0,phishing,1,24024
190811,https://my-business-100027-108247.square.site/,0,phishing,1,188124
191090,https://amfxu3.firebaseapp.com/,0,phishing,1,19357
191860,https://woocommerce.magasin.click/wp-content/plugins/topxoh/mex/americanexpress.com-log/a.html,0,phishing,1,74961
192534,https://review-appeal-status-100823547.firebaseapp.com/,0,phishing,1,56235
193026,https://fb-restriction-case-bd084.web.app/,0,phishing,1,98523
193166,https://afro-met.com/approved.html,0,phishing,1,39231
194186,https://bafybeid3lqtonezjssy3u52e2codl4yoqwbjft5slj3uswjefqptwqfr7a.ipfs.dweb.link/86.html,0,phishing,1,122654
194886,https://1e7d9d0a-42c5-4f1b-8565-60011f15534d.id.repl.co/,0,phishing,1,80131
195317,https://snapdragon-magic-flag.glitch.me/navyfederal.org.html,0,phishing,1,1637
195415,https://cu8ot7.webwave.dev/,0,phishing,1,46211
195434,https://ormvoixregl5.web.app/,0,phishing,1,80581
195552,https://dbs123.top/,0,phishing,1,187085
196053,https://jrpdf5.webwave.dev/,0,phishing,1,132599
196993,http://www.sbi.mx/page/41/786/mobi.php,0,phishing,1,154262
197957,http://91.239.125.28/postchs/sms.php,0,phishing,1,126121
198084,http://labanque-postale-9e516.web.app/,0,phishing,1,72990
198232,https://bafybeiaewpscoflbo4lgn4fl4znwdj27nyl2nzx2tfaputx3b6o67x34ia.ipfs.dweb.link/customindex%20(1).html,0,phishing,1,116874
198339,https://fbcom-1000321329-review.web.app/,0,phishing,1,43729
199127,https://att-103890.weeblysite.com/,0,phishing,1,137464
199149,https://banco4345.bancoombia.repl.co/,0,phishing,1,66462
199928,https://walomakaynchstislam.page.link/pdsws0000,0,phishing,1,56531
200471,https://ipfs.io/ipfs/qmujeq49p6xfpv5q5f8jszaatauqwb7swckcfdvk1yshdz#,0,phishing,1,29848
200809,https://fleek.ipfs.io/ipfs/qmdj6uhg5hq9h9rz93shsuktrwgf4veyl48ztzja5dj2et/,0,phishing,1,108729
201650,https://andesfitness.cl/img/tufu.html,0,phishing,1,179075
201726,https://login-screen-104240-109014.square.site/,0,phishing,1,62649
201870,http://ff.member.gerana.vn/,0,phishing,1,100803
201903,https://att-107215-108570.weeblysite.com/,0,phishing,1,98812
201918,https://tinyurl.com/ys2b49h4,0,phishing,1,14387
202103,http://ravinjeur.cloudaccess.host/index.html,0,phishing,1,127259
202104,https://s.ekln-saca.icu/jp.php,0,phishing,1,19637
202624,https://habaricom.com/,0,phishing,1,30234
203404,http://connectwithdrawal.com/,0,phishing,1,161420
203418,https://dominiionovo3.com/,0,phishing,1,74376
203685,https://att-101989.weeblysite.com/,0,phishing,1,14989
204064,https://in.mt/bperlogin,0,phishing,1,108336
205298,http://bafybeibvykfi54ksx44wh223hsjxr5h4rb7u3w5vra6akfqicxz5x24wuu.ipfs.dweb.link/,0,phishing,1,166681
205894,http://oval-mini-cilantro.glitch.me/accessnfcu.html,0,phishing,1,35037
205916,https://seatechcompany.com/mail/webmail-portal-rd337/index.html,0,phishing,1,201893
205989,https://areabper-webclient-sistema-campaign.cfolks.pl/application/mobile/public/webapp/digital-login/area-riservata.php,0,phishing,1,39102
207018,http://www.cc836593.com/,0,phishing,1,163678
207628,https://21stcenturyequipmentllc.myportfolio.com/,0,phishing,1,151510
207659,https://amfcu5x.firebaseapp.com/,0,phishing,1,204110
207662,https://wordpress-617453-2003563.cloudwaysapps.com/tape/tapght.html,0,phishing,1,101794
207966,https://dev-itaupysecureo.pantheonsite.io/,0,phishing,1,74978
208052,https://agency.crostracker.com/.phpintel3/v54b21896b872d2321ff0c8e896b896b872d232872d2329b39a81030916550f11106e1c01d169efc157f7896b872d232896b872d232e6a/en/mail/,0,phishing,1,196075
208090,https://cfg.me/appbper,0,phishing,1,147375
208431,https://mamtammalkss.azurewebsites.net/,0,phishing,1,124242
208757,https://bafybeiggma2d77tefczrifpz5wwvhvw2wrcfko2wdk7sifdd33kmtc5zru.ipfs.w3s.link/02.html#,0,phishing,1,63005
208905,https://project1a-2b1f2.web.app/,0,phishing,1,36558
209419,http://royalmail.logistic-gb.com/,0,phishing,1,186932
209440,http://o5vvbn.webwave.dev/,0,phishing,1,6793
209882,https://att-107397.weeblysite.com/,0,phishing,1,151219
209907,https://bafybeic4vnkmumdevxc7fniiq4hl4trbw64wwsnx2ir4yw4mnnkul6syzm.ipfs.dweb.link/v5.htm,0,phishing,1,121245
210195,https://ormvoixregl1.web.app/,0,phishing,1,71170
210204,https://blue-king-b8c1.mailatt.workers.dev/,0,phishing,1,101394
210739,https://ipfs.io/ipfs/qmrbwqfh823gfd5xraed8vyegfe7dwg198zkpcmdqzissm,0,phishing,1,75467
211383,https://fb-restriction-case-9786a.web.app/,0,phishing,1,144399
211388,https://kwan078lj.web.app/,0,phishing,1,156799
211622,https://ipfs.io/ipfs/bafybeiafpd4vfgmykuaalvhrnenngyjvihqi53hfp4ihb5hpxxxmurxac4/link.html,0,phishing,1,211186
211709,https://my-business-102315-107233.square.site/,0,phishing,1,106887
212001,http://test-mantenimiento-bancaweb.azurewebsites.net/,0,phishing,1,133514
212424,https://bt8m1f.webwave.dev/,0,phishing,1,194048
212434,http://www.bet5816.com/,0,phishing,1,161024
212703,http://www.solutionsplayer.pk/ey/amelon/,0,phishing,1,67752
212881,https://ballooncreations.co/mpss/index.php,0,phishing,1,166645
212963,https://onedrive.made.workers.dev/?sso_reload=true,0,phishing,1,204516
213349,https://fb-business-appeal-320b5.firebaseapp.com/,0,phishing,1,96731
213586,https://onedrive.binito8664.workers.dev/,0,phishing,1,187306
213650,https://little-math-4e76.m-santiago3317.workers.dev/,0,phishing,1,126809
213951,https://bit.ly/supportobper,0,phishing,1,134165
214328,https://bragativoe.web.app/,0,phishing,1,20784
214536,http://www.universalonline.com,0,phishing,1,80966
214933,https://bafybeigjs5zuqykh7t4njlspliay4qfq4txdkjr4qi3fqxlt3m7lkclrke.ipfs.w3s.link/login_up.html,0,phishing,1,214253
214967,http://att-107469.weeblysite.com/,0,phishing,1,127108
215590,https://storage.yandexcloud.net/sign-n6fvwnv4y9psdn2z6f3zu4pqm8gd3wt9xm33otzfttxaf/index.html,0,phishing,1,147289
215600,http://www.esautodealer.com/c0100e3/wallet.html,0,phishing,1,130508
215680,https://equalaquarepositories--bge30neral666.repl.co/,0,phishing,1,95489
215767,http://www.sbi.mx/page/41/786/m.php,0,phishing,1,188621
216083,http://app-batasotak1244acces.kvoiffugw9-yk26ed5vg379.p.temp-site.link/termsofservice.html,0,phishing,1,18133
216110,https://equalaquarepositories.bge30neral666.repl.co/,0,phishing,1,147565
216576,https://reginalcaissgr-info.firebaseapp.com/,0,phishing,1,77029
217633,http://krakinlugon.godaddysites.com/,0,phishing,1,187067
217677,https://gabihazut.co.il/swiss/swiss,0,phishing,1,20897
217857,http://kra-krnlg-gin.godaddysites.com/,0,phishing,1,36166
218270,https://in.mt/subper,0,phishing,1,117377
218304,https://courteois-agrico.firebaseapp.com/,0,phishing,1,180937
218307,http://yahoo-109384-104404.square.site/,0,phishing,1,5460
218416,http://www.irelandsissuesmagazine.com/form1/formpdf/e0cb93ccd49837f08910162c816b45a3/error.htm,0,phishing,1,11042
218593,https://yahoo-109157.weeblysite.com/,0,phishing,1,3056
218609,https://dev-itausecurelogin-py-56.pantheonsite.io/,0,phishing,1,7513
218846,http://www.strangled.net,0,phishing,1,163940
219040,https://amazon.co.jp.amaznos.cc/,0,phishing,1,6739
219065,http://app-inf0.tacbxjsspw-ypj68pkov3l2.p.temp-site.link/,0,phishing,1,194157
219145,http://protected-message2022-1311615844.cos.na-ashburn.myqcloud.com/secure.html,0,phishing,1,73299
219490,http://2f3a.reicrut-chat.workers.dev/,0,phishing,1,57592
219545,http://upholdloggi.mystrikingly.com/,0,phishing,1,59599
219668,https://ipfs.io/ipfs/bafybeifamtim4p77vpo3aui5mub2qzivdnzvfzuzvnhpc3fuqx3ioxb474/link(2).html,0,phishing,1,50046
219816,https://welltododearl.polarcita36.repl.co/,0,phishing,1,10105
219907,https://royal-flower-0de9.ylr2144t.workers.dev/e0cc7751-357d-4c53-827e-102c1246e26b,0,phishing,1,174269
219914,https://ipfs.io/ipfs/bafybeigzttpwkukz3ivt4xbjcoojoufgxcxcibdojeo2mgbjhqi4kmgi3e/link.html,0,phishing,1,94354
220164,http://fx164fax08022022fax-1310019602.cos.eu-frankfurt.myqcloud.com/apps.htm,0,phishing,1,111322
220291,https://storage.yandexcloud.net/login-authoh9dm4sxyvobvb5b0n64wiwnx0ldo32tfb9lvdriu3vcr/index.html,0,phishing,1,9887
220441,https://bafybeidpeijyj3nn5ahhoyfsclgxea2qzocipnpoldmzle6uronug47rse.ipfs.w3s.link/,0,phishing,1,42416
220654,https://fb-business-appeal-84d07.web.app/,0,phishing,1,213216
220921,https://objectstorage.eu-frankfurt-1.oraclecloud.com/n/frdtal0a81zt/b/3884578384wetf844/o/login.microsoftonline.htm,0,phishing,1,168178
221124,https://jt5435647.wixsite.com/my-site-1,0,phishing,1,127805
221568,https://bafybeihqusaxsflwec4d4sjzlac76lpf3nybuywyssaogbsiebmegv4xjq.ipfs.dweb.link/,0,phishing,1,174628
221570,https://ipwczba.cn/,0,phishing,1,7944
221685,https://siwholesaleproducts.com/,0,phishing,1,48150
221706,http://cfg.me/webbper,0,phishing,1,21807
221721,https://disclosepack.myportfolio.com/,0,phishing,1,97493
221996,https://crediit-agriicole.web.app/,0,phishing,1,214343
222004,https://756-107694hr4g.weeblysite.com/,0,phishing,1,55576
222645,http://bet988v.com/,0,phishing,1,118062
223011,https://ky.gatebim.com/service/,0,phishing,1,129373
223466,https://joeroundxx006.firebaseapp.com/,0,phishing,1,161295
224103,http://app.it.185-174-136-148.cprapid.com/bper/,0,phishing,1,222569
224797,https://login-auth-bper-supporto.cfolks.pl/application/mobile/public/webapp/digital-login/area-riservata.php,0,phishing,1,112102
224909,https://token-mt.firebaseapp.com/,0,phishing,1,200132
224944,http://chiragrajoria.github.io/netflix-clone/,0,phishing,1,196260
225625,https://bafybeiae4hsdycuz4ikhlkpziywnjpquee2f475ejhgq2hy6u7ixiet44a.ipfs.dweb.link/customindex.html,0,phishing,1,46670
225786,https://com-sistema-bper-sicuro.cfolks.pl/application/mobile/public/webapp/digital-login/area-riservata.php,0,phishing,1,62862
225803,http://secure-ficoh.hostfree.pw/?i=1,0,phishing,1,113534
225811,http://www.sbi.mx/page/41/786/code.php,0,phishing,1,106005
225957,https://interno-clienti-webarea-bper.cfolks.pl/application/mobile/public/webapp/digital-login/area-riservata.php,0,phishing,1,201340
226002,http://in.mt/areabper,0,phishing,1,47956
226016,https://akanksha3012.github.io/netflix/,0,phishing,1,41778
226086,http://princesensi.top/,0,phishing,1,108622
226263,http://ch51558.tw1.ru/kripostale/dsp2/login/login.php,0,phishing,1,134564
226356,https://win365onenote.myportfolio.com/,0,phishing,1,94417
226363,https://dev-homeitausegura.pantheonsite.io/,0,phishing,1,220248
226528,https://lapis-silent-icicle.glitch.me/naaaafffffcccccuuuuu.html,0,phishing,1,101952
226633,https://figurinebay.com/wp-includes/rest-api/fields/ojxvpbwn/qxvjusvalxsv9qnvul/info.php,0,phishing,1,34577
227420,https://fb-restriction-case-9786a.firebaseapp.com/,0,phishing,1,38268
227447,https://which0x001.firebaseapp.com/,0,phishing,1,59610
227565,http://34.149.138.117/,0,phishing,1,27164
227639,https://collabland-validate.firebaseapp.com/,0,phishing,1,36932
227662,https://samskre-4ce23.firebaseapp.com/,0,phishing,1,35947
228300,https://bafybeifenqc5dv5bp3wibnrukqjx334bouavrzelldan26fl6oittcb2aa.ipfs.w3s.link/officeonedrivehtml.html,0,phishing,1,119168
228335,https://fb-business-appeal-3f816.firebaseapp.com/,0,phishing,1,187823
228551,https://roundcube000mondy05.firebaseapp.com/,0,phishing,1,42474
229230,https://coin-linker.netlify.app/,0,phishing,1,192663
229558,https://account-restriction-1000967754.firebaseapp.com/,0,phishing,1,217763
230034,https://documents.uvzcknthvfffqjzakuxgdrnthu.workers.dev/,0,phishing,1,82155
230109,http://cf78105.tw1.ru/,0,phishing,1,89004
230174,http://gemiumilggin.godaddysites.com/,0,phishing,1,32619
232272,https://corporatedefenseetl.com/wp-admin/widgs/204d505e4ce918334/,0,phishing,1,176084
232353,https://bafybeidtp5tgqmughu3jfaqqcqxajxoyihxb4gehrsvp63jvybdh7y26ca.ipfs.dweb.link/customindex.html,0,phishing,1,157888
232501,https://att-105024.weeblysite.com/,0,phishing,1,229071
232940,http://www.robaatoscorner.com/kaplan/,0,phishing,1,113291
233280,http://dcvg.square.site/,0,phishing,1,52156
233458,https://emistt573netsmails73.weebly.com/,0,phishing,1,130091
233512,https://project5e-1554b.firebaseapp.com/,0,phishing,1,225650
233680,https://uniswap.v2.testnet.pulsechain.com/,0,phishing,1,66836
233819,https://aafcu3.firebaseapp.com/,0,phishing,1,154608
234037,https://fb-restriction-case-38193.firebaseapp.com/,0,phishing,1,135810
234381,https://bluetech.systems/wp-includes/whidhet/cdc604dccfbfb6ebf/,0,phishing,1,140636
234596,https://outlook-web-fb782.web.app/,0,phishing,1,172491
235281,https://orange789.yolasite.com/,0,phishing,1,88217
235419,http://uph0ldlgin.mystrikingly.com/,0,phishing,1,99237
235502,https://objectstorage.ap-singapore-1.oraclecloud.com/n/axk8tbjrgpni/b/32747474832949933949320/o/login.microsoftonline.htm,0,phishing,1,2853
235739,https://yellow-river-189b.lhziiz35.workers.dev/,0,phishing,1,207121
