validation_row_number,url,label,prediction,outcome,probability,term,absolute_contribution_rank,contribution_log_odds,intercept_log_odds,feature_values
2899,https://www.cdata.com,0,0,TN,0.0012591563887801053,uses_https,1,-4.502548145172728,7.45381050942642,"{""uses_https"": 1.0}"
2899,https://www.cdata.com,0,0,TN,0.0012591563887801053,path_length,2,-2.584596328168921,7.45381050942642,"{""path_length"": 0.0}"
2899,https://www.cdata.com,0,0,TN,0.0012591563887801053,slash_count,3,-2.233836669789852,7.45381050942642,"{""slash_count"": 2.0}"
2899,https://www.cdata.com,0,0,TN,0.0012591563887801053,url_length,4,-1.2604825355922045,7.45381050942642,"{""url_length"": 21.0}"
2899,https://www.cdata.com,0,0,TN,0.0012591563887801053,subdomain_count,5,-0.6036984675050617,7.45381050942642,"{""subdomain_count"": 1.0}"
2899,https://www.cdata.com,0,0,TN,0.0012591563887801053,digit_count,6,-0.4875197590472271,7.45381050942642,"{""digit_count"": 0.0}"
2899,https://www.cdata.com,0,0,TN,0.0012591563887801053,hostname_length,7,-0.40367418510859204,7.45381050942642,"{""hostname_length"": 13.0}"
2899,https://www.cdata.com,0,0,TN,0.0012591563887801053,dot_count,8,-0.34875689981762226,7.45381050942642,"{""dot_count"": 2.0}"
2899,https://www.cdata.com,0,0,TN,0.0012591563887801053,hostname_digit_count,9,-0.3434145610385966,7.45381050942642,"{""hostname_digit_count"": 0.0}"
2899,https://www.cdata.com,0,0,TN,0.0012591563887801053,digit_ratio,10,-0.30933938603128897,7.45381050942642,"{""digit_ratio"": 0.0}"
2899,https://www.cdata.com,0,0,TN,0.0012591563887801053,homoglyph_char_ratio,11,-0.28386516671938605,7.45381050942642,"{""homoglyph_char_ratio"": 0.09090909090909091}"
2899,https://www.cdata.com,0,0,TN,0.0012591563887801053,is_suspicious_tld,12,-0.27364817970414573,7.45381050942642,"{""is_suspicious_tld"": 0.0}"
2899,https://www.cdata.com,0,0,TN,0.0012591563887801053,digit_count & homoglyph_char_ratio,13,-0.19355140565844267,7.45381050942642,"{""digit_count"": 0.0, ""homoglyph_char_ratio"": 0.09090909090909091}"
2899,https://www.cdata.com,0,0,TN,0.0012591563887801053,url_length & subdomain_count,14,0.15443823659117328,7.45381050942642,"{""url_length"": 21.0, ""subdomain_count"": 1.0}"
2899,https://www.cdata.com,0,0,TN,0.0012591563887801053,hostname_hyphen_count,15,-0.15387944041724977,7.45381050942642,"{""hostname_hyphen_count"": 0.0}"
2899,https://www.cdata.com,0,0,TN,0.0012591563887801053,digit_ratio & homoglyph_char_ratio,16,0.1496950094007789,7.45381050942642,"{""digit_ratio"": 0.0, ""homoglyph_char_ratio"": 0.09090909090909091}"
2899,https://www.cdata.com,0,0,TN,0.0012591563887801053,hostname_digit_count & homoglyph_char_ratio,17,-0.13995934710157212,7.45381050942642,"{""hostname_digit_count"": 0.0, ""homoglyph_char_ratio"": 0.09090909090909091}"
2899,https://www.cdata.com,0,0,TN,0.0012591563887801053,url_length & dot_count,18,0.13979912086976942,7.45381050942642,"{""url_length"": 21.0, ""dot_count"": 2.0}"
2899,https://www.cdata.com,0,0,TN,0.0012591563887801053,tld_length,19,-0.11985321816095296,7.45381050942642,"{""tld_length"": 3.0}"
2899,https://www.cdata.com,0,0,TN,0.0012591563887801053,hyphen_count,20,-0.11766633837326682,7.45381050942642,"{""hyphen_count"": 0.0}"
2899,https://www.cdata.com,0,0,TN,0.0012591563887801053,tld_length & is_suspicious_tld,21,-0.10101271728098551,7.45381050942642,"{""tld_length"": 3.0, ""is_suspicious_tld"": 0.0}"
2899,https://www.cdata.com,0,0,TN,0.0012591563887801053,homoglyph_char_ratio & tld_length,22,0.0943349264356104,7.45381050942642,"{""homoglyph_char_ratio"": 0.09090909090909091, ""tld_length"": 3.0}"
2899,https://www.cdata.com,0,0,TN,0.0012591563887801053,dot_count & tld_length,23,-0.06844524436059356,7.45381050942642,"{""dot_count"": 2.0, ""tld_length"": 3.0}"
2899,https://www.cdata.com,0,0,TN,0.0012591563887801053,url_length & entropy,24,0.06805596850172727,7.45381050942642,"{""url_length"": 21.0, ""entropy"": 3.5585}"
2899,https://www.cdata.com,0,0,TN,0.0012591563887801053,subdomain_count & tld_length,25,-0.05124543726555424,7.45381050942642,"{""subdomain_count"": 1.0, ""tld_length"": 3.0}"
2899,https://www.cdata.com,0,0,TN,0.0012591563887801053,entropy,26,-0.04564939619983553,7.45381050942642,"{""entropy"": 3.5585}"
2899,https://www.cdata.com,0,0,TN,0.0012591563887801053,query_length,27,-0.027078428947136843,7.45381050942642,"{""query_length"": 0.0}"
2899,https://www.cdata.com,0,0,TN,0.0012591563887801053,has_at_symbol,28,-0.01959756698087507,7.45381050942642,"{""has_at_symbol"": 0.0}"
2899,https://www.cdata.com,0,0,TN,0.0012591563887801053,is_known_shortener,29,-0.017822008702404912,7.45381050942642,"{""is_known_shortener"": 0.0}"
2899,https://www.cdata.com,0,0,TN,0.0012591563887801053,brand_token_in_subdomain_or_path,30,-0.014514882640951458,7.45381050942642,"{""brand_token_in_subdomain_or_path"": 0.0}"
2899,https://www.cdata.com,0,0,TN,0.0012591563887801053,special_char_count,31,-0.013986004070273103,7.45381050942642,"{""special_char_count"": 0.0}"
2899,https://www.cdata.com,0,0,TN,0.0012591563887801053,has_double_slash_redirect,32,-0.009178448294910968,7.45381050942642,"{""has_double_slash_redirect"": 0.0}"
2899,https://www.cdata.com,0,0,TN,0.0012591563887801053,has_ip_address,33,-0.0031706999021339248,7.45381050942642,"{""has_ip_address"": 0.0}"
2899,https://www.cdata.com,0,0,TN,0.0012591563887801053,has_punycode,34,-0.002040532794366517,7.45381050942642,"{""has_punycode"": 0.0}"
2899,https://www.cdata.com,0,0,TN,0.0012591563887801053,percent_encoded_count,35,-0.002035969825591676,7.45381050942642,"{""percent_encoded_count"": 0.0}"
2899,https://www.cdata.com,0,0,TN,0.0012591563887801053,has_port,36,-0.00011976573056143912,7.45381050942642,"{""has_port"": 0.0}"
3924,https://www.ae86drivingclub.com.au,0,1,FP,0.5857321380944632,uses_https,1,-4.502548145172728,7.45381050942642,"{""uses_https"": 1.0}"
3924,https://www.ae86drivingclub.com.au,0,1,FP,0.5857321380944632,path_length,2,-2.584596328168921,7.45381050942642,"{""path_length"": 0.0}"
3924,https://www.ae86drivingclub.com.au,0,1,FP,0.5857321380944632,slash_count,3,-2.233836669789852,7.45381050942642,"{""slash_count"": 2.0}"
3924,https://www.ae86drivingclub.com.au,0,1,FP,0.5857321380944632,entropy,4,1.627105972007823,7.45381050942642,"{""entropy"": 4.4548}"
3924,https://www.ae86drivingclub.com.au,0,1,FP,0.5857321380944632,digit_ratio,5,0.5968807194742504,7.45381050942642,"{""digit_ratio"": 0.058823529411764705}"
3924,https://www.ae86drivingclub.com.au,0,1,FP,0.5857321380944632,digit_count,6,0.5473211924449999,7.45381050942642,"{""digit_count"": 2.0}"
3924,https://www.ae86drivingclub.com.au,0,1,FP,0.5857321380944632,tld_length,7,0.48642998440350554,7.45381050942642,"{""tld_length"": 2.0}"
3924,https://www.ae86drivingclub.com.au,0,1,FP,0.5857321380944632,subdomain_count,8,-0.4337833775175065,7.45381050942642,"{""subdomain_count"": 2.0}"
3924,https://www.ae86drivingclub.com.au,0,1,FP,0.5857321380944632,hostname_digit_count & homoglyph_char_ratio,9,0.3110194867140389,7.45381050942642,"{""hostname_digit_count"": 2.0, ""homoglyph_char_ratio"": 0.08695652173913043}"
3924,https://www.ae86drivingclub.com.au,0,1,FP,0.5857321380944632,homoglyph_char_ratio,10,-0.28386516671938605,7.45381050942642,"{""homoglyph_char_ratio"": 0.08695652173913043}"
3924,https://www.ae86drivingclub.com.au,0,1,FP,0.5857321380944632,hostname_digit_count,11,0.278452752273432,7.45381050942642,"{""hostname_digit_count"": 2.0}"
3924,https://www.ae86drivingclub.com.au,0,1,FP,0.5857321380944632,is_suspicious_tld,12,-0.27364817970414573,7.45381050942642,"{""is_suspicious_tld"": 0.0}"
3924,https://www.ae86drivingclub.com.au,0,1,FP,0.5857321380944632,url_length & entropy,13,0.24019222594885317,7.45381050942642,"{""url_length"": 34.0, ""entropy"": 4.4548}"
3924,https://www.ae86drivingclub.com.au,0,1,FP,0.5857321380944632,url_length,14,-0.18919835186644385,7.45381050942642,"{""url_length"": 34.0}"
3924,https://www.ae86drivingclub.com.au,0,1,FP,0.5857321380944632,dot_count,15,-0.16309443077474803,7.45381050942642,"{""dot_count"": 3.0}"
3924,https://www.ae86drivingclub.com.au,0,1,FP,0.5857321380944632,hostname_hyphen_count,16,-0.15387944041724977,7.45381050942642,"{""hostname_hyphen_count"": 0.0}"
3924,https://www.ae86drivingclub.com.au,0,1,FP,0.5857321380944632,dot_count & tld_length,17,-0.14285150998708585,7.45381050942642,"{""dot_count"": 3.0, ""tld_length"": 2.0}"
3924,https://www.ae86drivingclub.com.au,0,1,FP,0.5857321380944632,hyphen_count,18,-0.11766633837326682,7.45381050942642,"{""hyphen_count"": 0.0}"
3924,https://www.ae86drivingclub.com.au,0,1,FP,0.5857321380944632,subdomain_count & tld_length,19,-0.10383948038698429,7.45381050942642,"{""subdomain_count"": 2.0, ""tld_length"": 2.0}"
3924,https://www.ae86drivingclub.com.au,0,1,FP,0.5857321380944632,tld_length & is_suspicious_tld,20,-0.1010391899973403,7.45381050942642,"{""tld_length"": 2.0, ""is_suspicious_tld"": 0.0}"
3924,https://www.ae86drivingclub.com.au,0,1,FP,0.5857321380944632,digit_ratio & homoglyph_char_ratio,21,0.08599921649705008,7.45381050942642,"{""digit_ratio"": 0.058823529411764705, ""homoglyph_char_ratio"": 0.08695652173913043}"
3924,https://www.ae86drivingclub.com.au,0,1,FP,0.5857321380944632,url_length & dot_count,22,0.08366882852401662,7.45381050942642,"{""url_length"": 34.0, ""dot_count"": 3.0}"
3924,https://www.ae86drivingclub.com.au,0,1,FP,0.5857321380944632,digit_count & homoglyph_char_ratio,23,-0.07075213724857234,7.45381050942642,"{""digit_count"": 2.0, ""homoglyph_char_ratio"": 0.08695652173913043}"
3924,https://www.ae86drivingclub.com.au,0,1,FP,0.5857321380944632,url_length & subdomain_count,24,0.054058997273499325,7.45381050942642,"{""url_length"": 34.0, ""subdomain_count"": 2.0}"
3924,https://www.ae86drivingclub.com.au,0,1,FP,0.5857321380944632,homoglyph_char_ratio & tld_length,25,0.038994143699032514,7.45381050942642,"{""homoglyph_char_ratio"": 0.08695652173913043, ""tld_length"": 2.0}"
3924,https://www.ae86drivingclub.com.au,0,1,FP,0.5857321380944632,query_length,26,-0.027078428947136843,7.45381050942642,"{""query_length"": 0.0}"
3924,https://www.ae86drivingclub.com.au,0,1,FP,0.5857321380944632,has_at_symbol,27,-0.01959756698087507,7.45381050942642,"{""has_at_symbol"": 0.0}"
3924,https://www.ae86drivingclub.com.au,0,1,FP,0.5857321380944632,is_known_shortener,28,-0.017822008702404912,7.45381050942642,"{""is_known_shortener"": 0.0}"
3924,https://www.ae86drivingclub.com.au,0,1,FP,0.5857321380944632,brand_token_in_subdomain_or_path,29,-0.014514882640951458,7.45381050942642,"{""brand_token_in_subdomain_or_path"": 0.0}"
3924,https://www.ae86drivingclub.com.au,0,1,FP,0.5857321380944632,special_char_count,30,-0.013986004070273103,7.45381050942642,"{""special_char_count"": 0.0}"
3924,https://www.ae86drivingclub.com.au,0,1,FP,0.5857321380944632,has_double_slash_redirect,31,-0.009178448294910968,7.45381050942642,"{""has_double_slash_redirect"": 0.0}"
3924,https://www.ae86drivingclub.com.au,0,1,FP,0.5857321380944632,hostname_length,32,0.006558834133966485,7.45381050942642,"{""hostname_length"": 26.0}"
3924,https://www.ae86drivingclub.com.au,0,1,FP,0.5857321380944632,has_ip_address,33,-0.0031706999021339248,7.45381050942642,"{""has_ip_address"": 0.0}"
3924,https://www.ae86drivingclub.com.au,0,1,FP,0.5857321380944632,has_punycode,34,-0.002040532794366517,7.45381050942642,"{""has_punycode"": 0.0}"
3924,https://www.ae86drivingclub.com.au,0,1,FP,0.5857321380944632,percent_encoded_count,35,-0.002035969825591676,7.45381050942642,"{""percent_encoded_count"": 0.0}"
3924,https://www.ae86drivingclub.com.au,0,1,FP,0.5857321380944632,has_port,36,-0.00011976573056143912,7.45381050942642,"{""has_port"": 0.0}"
4858,https://odxptf.webwave.dev/,1,1,TP,0.9999237295928575,path_length,1,5.493225295032952,7.45381050942642,"{""path_length"": 1.0}"
4858,https://odxptf.webwave.dev/,1,1,TP,0.9999237295928575,slash_count,2,4.9709046782037,7.45381050942642,"{""slash_count"": 3.0}"
4858,https://odxptf.webwave.dev/,1,1,TP,0.9999237295928575,uses_https,3,-4.502548145172728,7.45381050942642,"{""uses_https"": 1.0}"
4858,https://odxptf.webwave.dev/,1,1,TP,0.9999237295928575,url_length,4,-1.0906546903535639,7.45381050942642,"{""url_length"": 27.0}"
4858,https://odxptf.webwave.dev/,1,1,TP,0.9999237295928575,subdomain_count,5,-0.6036984675050617,7.45381050942642,"{""subdomain_count"": 1.0}"
4858,https://odxptf.webwave.dev/,1,1,TP,0.9999237295928575,homoglyph_char_ratio & tld_length,6,0.5580775318784255,7.45381050942642,"{""homoglyph_char_ratio"": 0.0625, ""tld_length"": 3.0}"
4858,https://odxptf.webwave.dev/,1,1,TP,0.9999237295928575,digit_count,7,-0.4875197590472271,7.45381050942642,"{""digit_count"": 0.0}"
4858,https://odxptf.webwave.dev/,1,1,TP,0.9999237295928575,dot_count,8,-0.34875689981762226,7.45381050942642,"{""dot_count"": 2.0}"
4858,https://odxptf.webwave.dev/,1,1,TP,0.9999237295928575,hostname_digit_count,9,-0.3434145610385966,7.45381050942642,"{""hostname_digit_count"": 0.0}"
4858,https://odxptf.webwave.dev/,1,1,TP,0.9999237295928575,digit_ratio,10,-0.30933938603128897,7.45381050942642,"{""digit_ratio"": 0.0}"
4858,https://odxptf.webwave.dev/,1,1,TP,0.9999237295928575,is_suspicious_tld,11,-0.27364817970414573,7.45381050942642,"{""is_suspicious_tld"": 0.0}"
4858,https://odxptf.webwave.dev/,1,1,TP,0.9999237295928575,entropy,12,0.2198953278789388,7.45381050942642,"{""entropy"": 3.8562}"
4858,https://odxptf.webwave.dev/,1,1,TP,0.9999237295928575,digit_count & homoglyph_char_ratio,13,-0.21182359554991206,7.45381050942642,"{""digit_count"": 0.0, ""homoglyph_char_ratio"": 0.0625}"
4858,https://odxptf.webwave.dev/,1,1,TP,0.9999237295928575,homoglyph_char_ratio,14,-0.2057618560249082,7.45381050942642,"{""homoglyph_char_ratio"": 0.0625}"
4858,https://odxptf.webwave.dev/,1,1,TP,0.9999237295928575,hostname_length,15,-0.19659942899116478,7.45381050942642,"{""hostname_length"": 18.0}"
4858,https://odxptf.webwave.dev/,1,1,TP,0.9999237295928575,hostname_digit_count & homoglyph_char_ratio,16,-0.15581083324660766,7.45381050942642,"{""hostname_digit_count"": 0.0, ""homoglyph_char_ratio"": 0.0625}"
4858,https://odxptf.webwave.dev/,1,1,TP,0.9999237295928575,hostname_hyphen_count,17,-0.15387944041724977,7.45381050942642,"{""hostname_hyphen_count"": 0.0}"
4858,https://odxptf.webwave.dev/,1,1,TP,0.9999237295928575,tld_length,18,-0.11985321816095296,7.45381050942642,"{""tld_length"": 3.0}"
4858,https://odxptf.webwave.dev/,1,1,TP,0.9999237295928575,hyphen_count,19,-0.11766633837326682,7.45381050942642,"{""hyphen_count"": 0.0}"
4858,https://odxptf.webwave.dev/,1,1,TP,0.9999237295928575,digit_ratio & homoglyph_char_ratio,20,0.11403058446734642,7.45381050942642,"{""digit_ratio"": 0.0, ""homoglyph_char_ratio"": 0.0625}"
4858,https://odxptf.webwave.dev/,1,1,TP,0.9999237295928575,tld_length & is_suspicious_tld,21,-0.10101271728098551,7.45381050942642,"{""tld_length"": 3.0, ""is_suspicious_tld"": 0.0}"
4858,https://odxptf.webwave.dev/,1,1,TP,0.9999237295928575,dot_count & tld_length,22,-0.06844524436059356,7.45381050942642,"{""dot_count"": 2.0, ""tld_length"": 3.0}"
4858,https://odxptf.webwave.dev/,1,1,TP,0.9999237295928575,subdomain_count & tld_length,23,-0.05124543726555424,7.45381050942642,"{""subdomain_count"": 1.0, ""tld_length"": 3.0}"
4858,https://odxptf.webwave.dev/,1,1,TP,0.9999237295928575,url_length & entropy,24,0.04999111443534352,7.45381050942642,"{""url_length"": 27.0, ""entropy"": 3.8562}"
4858,https://odxptf.webwave.dev/,1,1,TP,0.9999237295928575,url_length & dot_count,25,0.037059748237168504,7.45381050942642,"{""url_length"": 27.0, ""dot_count"": 2.0}"
4858,https://odxptf.webwave.dev/,1,1,TP,0.9999237295928575,url_length & subdomain_count,26,0.0353769869831991,7.45381050942642,"{""url_length"": 27.0, ""subdomain_count"": 1.0}"
4858,https://odxptf.webwave.dev/,1,1,TP,0.9999237295928575,query_length,27,-0.027078428947136843,7.45381050942642,"{""query_length"": 0.0}"
4858,https://odxptf.webwave.dev/,1,1,TP,0.9999237295928575,has_at_symbol,28,-0.01959756698087507,7.45381050942642,"{""has_at_symbol"": 0.0}"
4858,https://odxptf.webwave.dev/,1,1,TP,0.9999237295928575,is_known_shortener,29,-0.017822008702404912,7.45381050942642,"{""is_known_shortener"": 0.0}"
4858,https://odxptf.webwave.dev/,1,1,TP,0.9999237295928575,brand_token_in_subdomain_or_path,30,-0.014514882640951458,7.45381050942642,"{""brand_token_in_subdomain_or_path"": 0.0}"
4858,https://odxptf.webwave.dev/,1,1,TP,0.9999237295928575,special_char_count,31,-0.013986004070273103,7.45381050942642,"{""special_char_count"": 0.0}"
4858,https://odxptf.webwave.dev/,1,1,TP,0.9999237295928575,has_double_slash_redirect,32,-0.009178448294910968,7.45381050942642,"{""has_double_slash_redirect"": 0.0}"
4858,https://odxptf.webwave.dev/,1,1,TP,0.9999237295928575,has_ip_address,33,-0.0031706999021339248,7.45381050942642,"{""has_ip_address"": 0.0}"
4858,https://odxptf.webwave.dev/,1,1,TP,0.9999237295928575,has_punycode,34,-0.002040532794366517,7.45381050942642,"{""has_punycode"": 0.0}"
4858,https://odxptf.webwave.dev/,1,1,TP,0.9999237295928575,percent_encoded_count,35,-0.002035969825591676,7.45381050942642,"{""percent_encoded_count"": 0.0}"
4858,https://odxptf.webwave.dev/,1,1,TP,0.9999237295928575,has_port,36,-0.00011976573056143912,7.45381050942642,"{""has_port"": 0.0}"
17822,https://experiencedknobbychords.crepinga.repl.co,1,0,FN,0.4644185975600149,uses_https,1,-4.502548145172728,7.45381050942642,"{""uses_https"": 1.0}"
17822,https://experiencedknobbychords.crepinga.repl.co,1,0,FN,0.4644185975600149,path_length,2,-2.584596328168921,7.45381050942642,"{""path_length"": 0.0}"
17822,https://experiencedknobbychords.crepinga.repl.co,1,0,FN,0.4644185975600149,slash_count,3,-2.233836669789852,7.45381050942642,"{""slash_count"": 2.0}"
17822,https://experiencedknobbychords.crepinga.repl.co,1,0,FN,0.4644185975600149,url_length,4,1.8737993532768609,7.45381050942642,"{""url_length"": 48.0}"
17822,https://experiencedknobbychords.crepinga.repl.co,1,0,FN,0.4644185975600149,hostname_length,5,1.280862880775097,7.45381050942642,"{""hostname_length"": 40.0}"
17822,https://experiencedknobbychords.crepinga.repl.co,1,0,FN,0.4644185975600149,digit_count,6,-0.4875197590472271,7.45381050942642,"{""digit_count"": 0.0}"
17822,https://experiencedknobbychords.crepinga.repl.co,1,0,FN,0.4644185975600149,tld_length,7,0.48642998440350554,7.45381050942642,"{""tld_length"": 2.0}"
17822,https://experiencedknobbychords.crepinga.repl.co,1,0,FN,0.4644185975600149,subdomain_count,8,-0.4337833775175065,7.45381050942642,"{""subdomain_count"": 2.0}"
17822,https://experiencedknobbychords.crepinga.repl.co,1,0,FN,0.4644185975600149,url_length & subdomain_count,9,0.40138781623365566,7.45381050942642,"{""url_length"": 48.0, ""subdomain_count"": 2.0}"
17822,https://experiencedknobbychords.crepinga.repl.co,1,0,FN,0.4644185975600149,url_length & dot_count,10,0.3568770307417644,7.45381050942642,"{""url_length"": 48.0, ""dot_count"": 3.0}"
17822,https://experiencedknobbychords.crepinga.repl.co,1,0,FN,0.4644185975600149,hostname_digit_count,11,-0.3434145610385966,7.45381050942642,"{""hostname_digit_count"": 0.0}"
17822,https://experiencedknobbychords.crepinga.repl.co,1,0,FN,0.4644185975600149,digit_ratio,12,-0.30933938603128897,7.45381050942642,"{""digit_ratio"": 0.0}"
17822,https://experiencedknobbychords.crepinga.repl.co,1,0,FN,0.4644185975600149,is_suspicious_tld,13,-0.27364817970414573,7.45381050942642,"{""is_suspicious_tld"": 0.0}"
17822,https://experiencedknobbychords.crepinga.repl.co,1,0,FN,0.4644185975600149,digit_count & homoglyph_char_ratio,14,-0.19300725520019663,7.45381050942642,"{""digit_count"": 0.0, ""homoglyph_char_ratio"": 0.10810810810810811}"
17822,https://experiencedknobbychords.crepinga.repl.co,1,0,FN,0.4644185975600149,dot_count,15,-0.16309443077474803,7.45381050942642,"{""dot_count"": 3.0}"
17822,https://experiencedknobbychords.crepinga.repl.co,1,0,FN,0.4644185975600149,hostname_hyphen_count,16,-0.15387944041724977,7.45381050942642,"{""hostname_hyphen_count"": 0.0}"
17822,https://experiencedknobbychords.crepinga.repl.co,1,0,FN,0.4644185975600149,digit_ratio & homoglyph_char_ratio,17,0.15234754567145703,7.45381050942642,"{""digit_ratio"": 0.0, ""homoglyph_char_ratio"": 0.10810810810810811}"
17822,https://experiencedknobbychords.crepinga.repl.co,1,0,FN,0.4644185975600149,dot_count & tld_length,18,-0.14285150998708585,7.45381050942642,"{""dot_count"": 3.0, ""tld_length"": 2.0}"
17822,https://experiencedknobbychords.crepinga.repl.co,1,0,FN,0.4644185975600149,hostname_digit_count & homoglyph_char_ratio,19,-0.1414756945415013,7.45381050942642,"{""hostname_digit_count"": 0.0, ""homoglyph_char_ratio"": 0.10810810810810811}"
17822,https://experiencedknobbychords.crepinga.repl.co,1,0,FN,0.4644185975600149,hyphen_count,20,-0.11766633837326682,7.45381050942642,"{""hyphen_count"": 0.0}"
17822,https://experiencedknobbychords.crepinga.repl.co,1,0,FN,0.4644185975600149,subdomain_count & tld_length,21,-0.10383948038698429,7.45381050942642,"{""subdomain_count"": 2.0, ""tld_length"": 2.0}"
17822,https://experiencedknobbychords.crepinga.repl.co,1,0,FN,0.4644185975600149,tld_length & is_suspicious_tld,22,-0.1010391899973403,7.45381050942642,"{""tld_length"": 2.0, ""is_suspicious_tld"": 0.0}"
17822,https://experiencedknobbychords.crepinga.repl.co,1,0,FN,0.4644185975600149,homoglyph_char_ratio,23,0.08273030841028842,7.45381050942642,"{""homoglyph_char_ratio"": 0.10810810810810811}"
17822,https://experiencedknobbychords.crepinga.repl.co,1,0,FN,0.4644185975600149,url_length & entropy,24,0.06926189619069537,7.45381050942642,"{""url_length"": 48.0, ""entropy"": 4.173}"
17822,https://experiencedknobbychords.crepinga.repl.co,1,0,FN,0.4644185975600149,entropy,25,0.056952239512635734,7.45381050942642,"{""entropy"": 4.173}"
17822,https://experiencedknobbychords.crepinga.repl.co,1,0,FN,0.4644185975600149,homoglyph_char_ratio & tld_length,26,0.038057894481632853,7.45381050942642,"{""homoglyph_char_ratio"": 0.10810810810810811, ""tld_length"": 2.0}"
17822,https://experiencedknobbychords.crepinga.repl.co,1,0,FN,0.4644185975600149,query_length,27,-0.027078428947136843,7.45381050942642,"{""query_length"": 0.0}"
17822,https://experiencedknobbychords.crepinga.repl.co,1,0,FN,0.4644185975600149,has_at_symbol,28,-0.01959756698087507,7.45381050942642,"{""has_at_symbol"": 0.0}"
17822,https://experiencedknobbychords.crepinga.repl.co,1,0,FN,0.4644185975600149,is_known_shortener,29,-0.017822008702404912,7.45381050942642,"{""is_known_shortener"": 0.0}"
17822,https://experiencedknobbychords.crepinga.repl.co,1,0,FN,0.4644185975600149,brand_token_in_subdomain_or_path,30,-0.014514882640951458,7.45381050942642,"{""brand_token_in_subdomain_or_path"": 0.0}"
17822,https://experiencedknobbychords.crepinga.repl.co,1,0,FN,0.4644185975600149,special_char_count,31,-0.013986004070273103,7.45381050942642,"{""special_char_count"": 0.0}"
17822,https://experiencedknobbychords.crepinga.repl.co,1,0,FN,0.4644185975600149,has_double_slash_redirect,32,-0.009178448294910968,7.45381050942642,"{""has_double_slash_redirect"": 0.0}"
17822,https://experiencedknobbychords.crepinga.repl.co,1,0,FN,0.4644185975600149,has_ip_address,33,-0.0031706999021339248,7.45381050942642,"{""has_ip_address"": 0.0}"
17822,https://experiencedknobbychords.crepinga.repl.co,1,0,FN,0.4644185975600149,has_punycode,34,-0.002040532794366517,7.45381050942642,"{""has_punycode"": 0.0}"
17822,https://experiencedknobbychords.crepinga.repl.co,1,0,FN,0.4644185975600149,percent_encoded_count,35,-0.002035969825591676,7.45381050942642,"{""percent_encoded_count"": 0.0}"
17822,https://experiencedknobbychords.crepinga.repl.co,1,0,FN,0.4644185975600149,has_port,36,-0.00011976573056143912,7.45381050942642,"{""has_port"": 0.0}"
18044,http://www.doctors4change.net,1,1,TP,0.9999986110085713,uses_https,1,13.055541790002549,7.45381050942642,"{""uses_https"": 0.0}"
18044,http://www.doctors4change.net,1,1,TP,0.9999986110085713,path_length,2,-2.584596328168921,7.45381050942642,"{""path_length"": 0.0}"
18044,http://www.doctors4change.net,1,1,TP,0.9999986110085713,slash_count,3,-2.233836669789852,7.45381050942642,"{""slash_count"": 2.0}"
18044,http://www.doctors4change.net,1,1,TP,0.9999986110085713,url_length,4,-1.0838605519625872,7.45381050942642,"{""url_length"": 29.0}"
18044,http://www.doctors4change.net,1,1,TP,0.9999986110085713,digit_ratio,5,0.845023336864308,7.45381050942642,"{""digit_ratio"": 0.034482758620689655}"
18044,http://www.doctors4change.net,1,1,TP,0.9999986110085713,subdomain_count,6,-0.6036984675050617,7.45381050942642,"{""subdomain_count"": 1.0}"
18044,http://www.doctors4change.net,1,1,TP,0.9999986110085713,digit_ratio & homoglyph_char_ratio,7,-0.46285914869220435,7.45381050942642,"{""digit_ratio"": 0.034482758620689655, ""homoglyph_char_ratio"": 0.1}"
18044,http://www.doctors4change.net,1,1,TP,0.9999986110085713,dot_count,8,-0.34875689981762226,7.45381050942642,"{""dot_count"": 2.0}"
18044,http://www.doctors4change.net,1,1,TP,0.9999986110085713,is_suspicious_tld,9,-0.27364817970414573,7.45381050942642,"{""is_suspicious_tld"": 0.0}"
18044,http://www.doctors4change.net,1,1,TP,0.9999986110085713,digit_count,10,0.2717841574318744,7.45381050942642,"{""digit_count"": 1.0}"
18044,http://www.doctors4change.net,1,1,TP,0.9999986110085713,digit_count & homoglyph_char_ratio,11,-0.2473935922428421,7.45381050942642,"{""digit_count"": 1.0, ""homoglyph_char_ratio"": 0.1}"
18044,http://www.doctors4change.net,1,1,TP,0.9999986110085713,hostname_hyphen_count,12,-0.15387944041724977,7.45381050942642,"{""hostname_hyphen_count"": 0.0}"
18044,http://www.doctors4change.net,1,1,TP,0.9999986110085713,hostname_digit_count & homoglyph_char_ratio,13,0.12296689557902768,7.45381050942642,"{""hostname_digit_count"": 1.0, ""homoglyph_char_ratio"": 0.1}"
18044,http://www.doctors4change.net,1,1,TP,0.9999986110085713,tld_length,14,-0.11985321816095296,7.45381050942642,"{""tld_length"": 3.0}"
18044,http://www.doctors4change.net,1,1,TP,0.9999986110085713,hyphen_count,15,-0.11766633837326682,7.45381050942642,"{""hyphen_count"": 0.0}"
18044,http://www.doctors4change.net,1,1,TP,0.9999986110085713,url_length & entropy,16,0.11117028810429133,7.45381050942642,"{""url_length"": 29.0, ""entropy"": 3.9354}"
18044,http://www.doctors4change.net,1,1,TP,0.9999986110085713,tld_length & is_suspicious_tld,17,-0.10101271728098551,7.45381050942642,"{""tld_length"": 3.0, ""is_suspicious_tld"": 0.0}"
18044,http://www.doctors4change.net,1,1,TP,0.9999986110085713,homoglyph_char_ratio & tld_length,18,0.09339867721821069,7.45381050942642,"{""homoglyph_char_ratio"": 0.1, ""tld_length"": 3.0}"
18044,http://www.doctors4change.net,1,1,TP,0.9999986110085713,homoglyph_char_ratio,19,0.08501507967017306,7.45381050942642,"{""homoglyph_char_ratio"": 0.1}"
18044,http://www.doctors4change.net,1,1,TP,0.9999986110085713,dot_count & tld_length,20,-0.06844524436059356,7.45381050942642,"{""dot_count"": 2.0, ""tld_length"": 3.0}"
18044,http://www.doctors4change.net,1,1,TP,0.9999986110085713,subdomain_count & tld_length,21,-0.05124543726555424,7.45381050942642,"{""subdomain_count"": 1.0, ""tld_length"": 3.0}"
18044,http://www.doctors4change.net,1,1,TP,0.9999986110085713,hostname_length,22,-0.045560593928543835,7.45381050942642,"{""hostname_length"": 22.0}"
18044,http://www.doctors4change.net,1,1,TP,0.9999986110085713,url_length & subdomain_count,23,0.0382244634666854,7.45381050942642,"{""url_length"": 29.0, ""subdomain_count"": 1.0}"
18044,http://www.doctors4change.net,1,1,TP,0.9999986110085713,url_length & dot_count,24,0.03813549071586985,7.45381050942642,"{""url_length"": 29.0, ""dot_count"": 2.0}"
18044,http://www.doctors4change.net,1,1,TP,0.9999986110085713,query_length,25,-0.027078428947136843,7.45381050942642,"{""query_length"": 0.0}"
18044,http://www.doctors4change.net,1,1,TP,0.9999986110085713,has_at_symbol,26,-0.01959756698087507,7.45381050942642,"{""has_at_symbol"": 0.0}"
18044,http://www.doctors4change.net,1,1,TP,0.9999986110085713,is_known_shortener,27,-0.017822008702404912,7.45381050942642,"{""is_known_shortener"": 0.0}"
18044,http://www.doctors4change.net,1,1,TP,0.9999986110085713,hostname_digit_count,28,-0.015393293476676673,7.45381050942642,"{""hostname_digit_count"": 1.0}"
18044,http://www.doctors4change.net,1,1,TP,0.9999986110085713,brand_token_in_subdomain_or_path,29,-0.014514882640951458,7.45381050942642,"{""brand_token_in_subdomain_or_path"": 0.0}"
18044,http://www.doctors4change.net,1,1,TP,0.9999986110085713,special_char_count,30,-0.013986004070273103,7.45381050942642,"{""special_char_count"": 0.0}"
18044,http://www.doctors4change.net,1,1,TP,0.9999986110085713,has_double_slash_redirect,31,-0.009178448294910968,7.45381050942642,"{""has_double_slash_redirect"": 0.0}"
18044,http://www.doctors4change.net,1,1,TP,0.9999986110085713,entropy,32,-0.006888983341410124,7.45381050942642,"{""entropy"": 3.9354}"
18044,http://www.doctors4change.net,1,1,TP,0.9999986110085713,has_ip_address,33,-0.0031706999021339248,7.45381050942642,"{""has_ip_address"": 0.0}"
18044,http://www.doctors4change.net,1,1,TP,0.9999986110085713,has_punycode,34,-0.002040532794366517,7.45381050942642,"{""has_punycode"": 0.0}"
18044,http://www.doctors4change.net,1,1,TP,0.9999986110085713,percent_encoded_count,35,-0.002035969825591676,7.45381050942642,"{""percent_encoded_count"": 0.0}"
18044,http://www.doctors4change.net,1,1,TP,0.9999986110085713,has_port,36,-0.00011976573056143912,7.45381050942642,"{""has_port"": 0.0}"
21380,https://www.groupe-2v-services.com,0,1,FP,0.5004882278050792,uses_https,1,-4.502548145172728,7.45381050942642,"{""uses_https"": 1.0}"
21380,https://www.groupe-2v-services.com,0,1,FP,0.5004882278050792,path_length,2,-2.584596328168921,7.45381050942642,"{""path_length"": 0.0}"
21380,https://www.groupe-2v-services.com,0,1,FP,0.5004882278050792,slash_count,3,-2.233836669789852,7.45381050942642,"{""slash_count"": 2.0}"
21380,https://www.groupe-2v-services.com,0,1,FP,0.5004882278050792,digit_ratio,4,2.2047474823577757,7.45381050942642,"{""digit_ratio"": 0.029411764705882353}"
21380,https://www.groupe-2v-services.com,0,1,FP,0.5004882278050792,hostname_hyphen_count,5,0.993836997610713,7.45381050942642,"{""hostname_hyphen_count"": 2.0}"
21380,https://www.groupe-2v-services.com,0,1,FP,0.5004882278050792,hyphen_count,6,0.737877470609826,7.45381050942642,"{""hyphen_count"": 2.0}"
21380,https://www.groupe-2v-services.com,0,1,FP,0.5004882278050792,subdomain_count,7,-0.6036984675050617,7.45381050942642,"{""subdomain_count"": 1.0}"
21380,https://www.groupe-2v-services.com,0,1,FP,0.5004882278050792,dot_count,8,-0.34875689981762226,7.45381050942642,"{""dot_count"": 2.0}"
21380,https://www.groupe-2v-services.com,0,1,FP,0.5004882278050792,homoglyph_char_ratio,9,-0.28386516671938605,7.45381050942642,"{""homoglyph_char_ratio"": 0.08333333333333333}"
21380,https://www.groupe-2v-services.com,0,1,FP,0.5004882278050792,is_suspicious_tld,10,-0.27364817970414573,7.45381050942642,"{""is_suspicious_tld"": 0.0}"
21380,https://www.groupe-2v-services.com,0,1,FP,0.5004882278050792,digit_count,11,0.2717841574318744,7.45381050942642,"{""digit_count"": 1.0}"
21380,https://www.groupe-2v-services.com,0,1,FP,0.5004882278050792,entropy,12,-0.2707439595588926,7.45381050942642,"{""entropy"": 4.1385}"
21380,https://www.groupe-2v-services.com,0,1,FP,0.5004882278050792,digit_count & homoglyph_char_ratio,13,-0.22109206630178485,7.45381050942642,"{""digit_count"": 1.0, ""homoglyph_char_ratio"": 0.08333333333333333}"
21380,https://www.groupe-2v-services.com,0,1,FP,0.5004882278050792,url_length,14,-0.18919835186644385,7.45381050942642,"{""url_length"": 34.0}"
21380,https://www.groupe-2v-services.com,0,1,FP,0.5004882278050792,homoglyph_char_ratio & tld_length,15,0.134931194388372,7.45381050942642,"{""homoglyph_char_ratio"": 0.08333333333333333, ""tld_length"": 3.0}"
21380,https://www.groupe-2v-services.com,0,1,FP,0.5004882278050792,hostname_digit_count & homoglyph_char_ratio,16,0.12090793740570788,7.45381050942642,"{""hostname_digit_count"": 1.0, ""homoglyph_char_ratio"": 0.08333333333333333}"
21380,https://www.groupe-2v-services.com,0,1,FP,0.5004882278050792,tld_length,17,-0.11985321816095296,7.45381050942642,"{""tld_length"": 3.0}"
21380,https://www.groupe-2v-services.com,0,1,FP,0.5004882278050792,tld_length & is_suspicious_tld,18,-0.10101271728098551,7.45381050942642,"{""tld_length"": 3.0, ""is_suspicious_tld"": 0.0}"
21380,https://www.groupe-2v-services.com,0,1,FP,0.5004882278050792,digit_ratio & homoglyph_char_ratio,19,0.07041324147810352,7.45381050942642,"{""digit_ratio"": 0.029411764705882353, ""homoglyph_char_ratio"": 0.08333333333333333}"
21380,https://www.groupe-2v-services.com,0,1,FP,0.5004882278050792,dot_count & tld_length,20,-0.06844524436059356,7.45381050942642,"{""dot_count"": 2.0, ""tld_length"": 3.0}"
21380,https://www.groupe-2v-services.com,0,1,FP,0.5004882278050792,subdomain_count & tld_length,21,-0.05124543726555424,7.45381050942642,"{""subdomain_count"": 1.0, ""tld_length"": 3.0}"
21380,https://www.groupe-2v-services.com,0,1,FP,0.5004882278050792,url_length & entropy,22,-0.03763824722514378,7.45381050942642,"{""url_length"": 34.0, ""entropy"": 4.1385}"
21380,https://www.groupe-2v-services.com,0,1,FP,0.5004882278050792,query_length,23,-0.027078428947136843,7.45381050942642,"{""query_length"": 0.0}"
21380,https://www.groupe-2v-services.com,0,1,FP,0.5004882278050792,url_length & subdomain_count,24,0.019898176188412435,7.45381050942642,"{""url_length"": 34.0, ""subdomain_count"": 1.0}"
21380,https://www.groupe-2v-services.com,0,1,FP,0.5004882278050792,has_at_symbol,25,-0.01959756698087507,7.45381050942642,"{""has_at_symbol"": 0.0}"
21380,https://www.groupe-2v-services.com,0,1,FP,0.5004882278050792,is_known_shortener,26,-0.017822008702404912,7.45381050942642,"{""is_known_shortener"": 0.0}"
21380,https://www.groupe-2v-services.com,0,1,FP,0.5004882278050792,hostname_digit_count,27,-0.015393293476676673,7.45381050942642,"{""hostname_digit_count"": 1.0}"
21380,https://www.groupe-2v-services.com,0,1,FP,0.5004882278050792,brand_token_in_subdomain_or_path,28,-0.014514882640951458,7.45381050942642,"{""brand_token_in_subdomain_or_path"": 0.0}"
21380,https://www.groupe-2v-services.com,0,1,FP,0.5004882278050792,special_char_count,29,-0.013986004070273103,7.45381050942642,"{""special_char_count"": 0.0}"
21380,https://www.groupe-2v-services.com,0,1,FP,0.5004882278050792,has_double_slash_redirect,30,-0.009178448294910968,7.45381050942642,"{""has_double_slash_redirect"": 0.0}"
21380,https://www.groupe-2v-services.com,0,1,FP,0.5004882278050792,hostname_length,31,0.006558834133966485,7.45381050942642,"{""hostname_length"": 26.0}"
21380,https://www.groupe-2v-services.com,0,1,FP,0.5004882278050792,has_ip_address,32,-0.0031706999021339248,7.45381050942642,"{""has_ip_address"": 0.0}"
21380,https://www.groupe-2v-services.com,0,1,FP,0.5004882278050792,url_length & dot_count,33,0.002303611073774829,7.45381050942642,"{""url_length"": 34.0, ""dot_count"": 2.0}"
21380,https://www.groupe-2v-services.com,0,1,FP,0.5004882278050792,has_punycode,34,-0.002040532794366517,7.45381050942642,"{""has_punycode"": 0.0}"
21380,https://www.groupe-2v-services.com,0,1,FP,0.5004882278050792,percent_encoded_count,35,-0.002035969825591676,7.45381050942642,"{""percent_encoded_count"": 0.0}"
21380,https://www.groupe-2v-services.com,0,1,FP,0.5004882278050792,has_port,36,-0.00011976573056143912,7.45381050942642,"{""has_port"": 0.0}"
22765,https://www.co.bay.fl.us,0,0,TN,5.1835620749159954e-05,uses_https,1,-4.502548145172728,7.45381050942642,"{""uses_https"": 1.0}"
22765,https://www.co.bay.fl.us,0,0,TN,5.1835620749159954e-05,path_length,2,-2.584596328168921,7.45381050942642,"{""path_length"": 0.0}"
22765,https://www.co.bay.fl.us,0,0,TN,5.1835620749159954e-05,url_length & dot_count,3,-2.3761177740833985,7.45381050942642,"{""url_length"": 24.0, ""dot_count"": 4.0}"
22765,https://www.co.bay.fl.us,0,0,TN,5.1835620749159954e-05,slash_count,4,-2.233836669789852,7.45381050942642,"{""slash_count"": 2.0}"
22765,https://www.co.bay.fl.us,0,0,TN,5.1835620749159954e-05,url_length & subdomain_count,5,-1.713662519019487,7.45381050942642,"{""url_length"": 24.0, ""subdomain_count"": 3.0}"
22765,https://www.co.bay.fl.us,0,0,TN,5.1835620749159954e-05,url_length,6,-1.2403152420181063,7.45381050942642,"{""url_length"": 24.0}"
22765,https://www.co.bay.fl.us,0,0,TN,5.1835620749159954e-05,subdomain_count & tld_length,7,-0.7647267280265162,7.45381050942642,"{""subdomain_count"": 3.0, ""tld_length"": 2.0}"
22765,https://www.co.bay.fl.us,0,0,TN,5.1835620749159954e-05,subdomain_count,8,-0.5504683283504733,7.45381050942642,"{""subdomain_count"": 3.0}"
22765,https://www.co.bay.fl.us,0,0,TN,5.1835620749159954e-05,dot_count & tld_length,9,-0.5355027803491706,7.45381050942642,"{""dot_count"": 4.0, ""tld_length"": 2.0}"
22765,https://www.co.bay.fl.us,0,0,TN,5.1835620749159954e-05,digit_count,10,-0.4875197590472271,7.45381050942642,"{""digit_count"": 0.0}"
22765,https://www.co.bay.fl.us,0,0,TN,5.1835620749159954e-05,tld_length,11,0.48642998440350554,7.45381050942642,"{""tld_length"": 2.0}"
22765,https://www.co.bay.fl.us,0,0,TN,5.1835620749159954e-05,homoglyph_char_ratio & tld_length,12,0.38481911607672786,7.45381050942642,"{""homoglyph_char_ratio"": 0.16666666666666666, ""tld_length"": 2.0}"
22765,https://www.co.bay.fl.us,0,0,TN,5.1835620749159954e-05,entropy,13,0.37063333876607907,7.45381050942642,"{""entropy"": 3.8035}"
22765,https://www.co.bay.fl.us,0,0,TN,5.1835620749159954e-05,hostname_digit_count,14,-0.3434145610385966,7.45381050942642,"{""hostname_digit_count"": 0.0}"
22765,https://www.co.bay.fl.us,0,0,TN,5.1835620749159954e-05,digit_ratio,15,-0.30933938603128897,7.45381050942642,"{""digit_ratio"": 0.0}"
22765,https://www.co.bay.fl.us,0,0,TN,5.1835620749159954e-05,is_suspicious_tld,16,-0.27364817970414573,7.45381050942642,"{""is_suspicious_tld"": 0.0}"
22765,https://www.co.bay.fl.us,0,0,TN,5.1835620749159954e-05,hostname_length,17,-0.20133513887474402,7.45381050942642,"{""hostname_length"": 16.0}"
22765,https://www.co.bay.fl.us,0,0,TN,5.1835620749159954e-05,url_length & entropy,18,0.17855854330371218,7.45381050942642,"{""url_length"": 24.0, ""entropy"": 3.8035}"
22765,https://www.co.bay.fl.us,0,0,TN,5.1835620749159954e-05,digit_ratio & homoglyph_char_ratio,19,0.17580460877732487,7.45381050942642,"{""digit_ratio"": 0.0, ""homoglyph_char_ratio"": 0.16666666666666666}"
22765,https://www.co.bay.fl.us,0,0,TN,5.1835620749159954e-05,hostname_hyphen_count,20,-0.15387944041724977,7.45381050942642,"{""hostname_hyphen_count"": 0.0}"
22765,https://www.co.bay.fl.us,0,0,TN,5.1835620749159954e-05,digit_count & homoglyph_char_ratio,21,-0.14853903271868876,7.45381050942642,"{""digit_count"": 0.0, ""homoglyph_char_ratio"": 0.16666666666666666}"
22765,https://www.co.bay.fl.us,0,0,TN,5.1835620749159954e-05,dot_count,22,-0.12239140411690663,7.45381050942642,"{""dot_count"": 4.0}"
22765,https://www.co.bay.fl.us,0,0,TN,5.1835620749159954e-05,hyphen_count,23,-0.11766633837326682,7.45381050942642,"{""hyphen_count"": 0.0}"
22765,https://www.co.bay.fl.us,0,0,TN,5.1835620749159954e-05,tld_length & is_suspicious_tld,24,-0.1010391899973403,7.45381050942642,"{""tld_length"": 2.0, ""is_suspicious_tld"": 0.0}"
22765,https://www.co.bay.fl.us,0,0,TN,5.1835620749159954e-05,hostname_digit_count & homoglyph_char_ratio,25,-0.08878390843566226,7.45381050942642,"{""hostname_digit_count"": 0.0, ""homoglyph_char_ratio"": 0.16666666666666666}"
22765,https://www.co.bay.fl.us,0,0,TN,5.1835620749159954e-05,homoglyph_char_ratio,26,0.041437912055537936,7.45381050942642,"{""homoglyph_char_ratio"": 0.16666666666666666}"
22765,https://www.co.bay.fl.us,0,0,TN,5.1835620749159954e-05,query_length,27,-0.027078428947136843,7.45381050942642,"{""query_length"": 0.0}"
22765,https://www.co.bay.fl.us,0,0,TN,5.1835620749159954e-05,has_at_symbol,28,-0.01959756698087507,7.45381050942642,"{""has_at_symbol"": 0.0}"
22765,https://www.co.bay.fl.us,0,0,TN,5.1835620749159954e-05,is_known_shortener,29,-0.017822008702404912,7.45381050942642,"{""is_known_shortener"": 0.0}"
22765,https://www.co.bay.fl.us,0,0,TN,5.1835620749159954e-05,brand_token_in_subdomain_or_path,30,-0.014514882640951458,7.45381050942642,"{""brand_token_in_subdomain_or_path"": 0.0}"
22765,https://www.co.bay.fl.us,0,0,TN,5.1835620749159954e-05,special_char_count,31,-0.013986004070273103,7.45381050942642,"{""special_char_count"": 0.0}"
22765,https://www.co.bay.fl.us,0,0,TN,5.1835620749159954e-05,has_double_slash_redirect,32,-0.009178448294910968,7.45381050942642,"{""has_double_slash_redirect"": 0.0}"
22765,https://www.co.bay.fl.us,0,0,TN,5.1835620749159954e-05,has_ip_address,33,-0.0031706999021339248,7.45381050942642,"{""has_ip_address"": 0.0}"
22765,https://www.co.bay.fl.us,0,0,TN,5.1835620749159954e-05,has_punycode,34,-0.002040532794366517,7.45381050942642,"{""has_punycode"": 0.0}"
22765,https://www.co.bay.fl.us,0,0,TN,5.1835620749159954e-05,percent_encoded_count,35,-0.002035969825591676,7.45381050942642,"{""percent_encoded_count"": 0.0}"
22765,https://www.co.bay.fl.us,0,0,TN,5.1835620749159954e-05,has_port,36,-0.00011976573056143912,7.45381050942642,"{""has_port"": 0.0}"
24714,https://www.skincare90210.com,0,1,FP,0.8126199522601212,uses_https,1,-4.502548145172728,7.45381050942642,"{""uses_https"": 1.0}"
24714,https://www.skincare90210.com,0,1,FP,0.8126199522601212,path_length,2,-2.584596328168921,7.45381050942642,"{""path_length"": 0.0}"
24714,https://www.skincare90210.com,0,1,FP,0.8126199522601212,slash_count,3,-2.233836669789852,7.45381050942642,"{""slash_count"": 2.0}"
24714,https://www.skincare90210.com,0,1,FP,0.8126199522601212,hostname_digit_count,4,2.128097430908223,7.45381050942642,"{""hostname_digit_count"": 5.0}"
24714,https://www.skincare90210.com,0,1,FP,0.8126199522601212,url_length & entropy,5,1.668880621965784,7.45381050942642,"{""url_length"": 29.0, ""entropy"": 4.2802}"
24714,https://www.skincare90210.com,0,1,FP,0.8126199522601212,digit_count,6,1.6083570970192191,7.45381050942642,"{""digit_count"": 5.0}"
24714,https://www.skincare90210.com,0,1,FP,0.8126199522601212,digit_ratio,7,1.425893915070895,7.45381050942642,"{""digit_ratio"": 0.1724137931034483}"
24714,https://www.skincare90210.com,0,1,FP,0.8126199522601212,digit_ratio & homoglyph_char_ratio,8,-1.2717520408460534,7.45381050942642,"{""digit_ratio"": 0.1724137931034483, ""homoglyph_char_ratio"": 0.21052631578947367}"
24714,https://www.skincare90210.com,0,1,FP,0.8126199522601212,url_length,9,-1.0838605519625872,7.45381050942642,"{""url_length"": 29.0}"
24714,https://www.skincare90210.com,0,1,FP,0.8126199522601212,subdomain_count,10,-0.6036984675050617,7.45381050942642,"{""subdomain_count"": 1.0}"
24714,https://www.skincare90210.com,0,1,FP,0.8126199522601212,digit_count & homoglyph_char_ratio,11,0.5187238554428291,7.45381050942642,"{""digit_count"": 5.0, ""homoglyph_char_ratio"": 0.21052631578947367}"
24714,https://www.skincare90210.com,0,1,FP,0.8126199522601212,homoglyph_char_ratio,12,0.46773400993208974,7.45381050942642,"{""homoglyph_char_ratio"": 0.21052631578947367}"
24714,https://www.skincare90210.com,0,1,FP,0.8126199522601212,hostname_digit_count & homoglyph_char_ratio,13,0.38754634765900553,7.45381050942642,"{""hostname_digit_count"": 5.0, ""homoglyph_char_ratio"": 0.21052631578947367}"
24714,https://www.skincare90210.com,0,1,FP,0.8126199522601212,dot_count,14,-0.34875689981762226,7.45381050942642,"{""dot_count"": 2.0}"
24714,https://www.skincare90210.com,0,1,FP,0.8126199522601212,homoglyph_char_ratio & tld_length,15,-0.33728157304227163,7.45381050942642,"{""homoglyph_char_ratio"": 0.21052631578947367, ""tld_length"": 3.0}"
24714,https://www.skincare90210.com,0,1,FP,0.8126199522601212,is_suspicious_tld,16,-0.27364817970414573,7.45381050942642,"{""is_suspicious_tld"": 0.0}"
24714,https://www.skincare90210.com,0,1,FP,0.8126199522601212,entropy,17,-0.239907612191656,7.45381050942642,"{""entropy"": 4.2802}"
24714,https://www.skincare90210.com,0,1,FP,0.8126199522601212,hostname_hyphen_count,18,-0.15387944041724977,7.45381050942642,"{""hostname_hyphen_count"": 0.0}"
24714,https://www.skincare90210.com,0,1,FP,0.8126199522601212,tld_length,19,-0.11985321816095296,7.45381050942642,"{""tld_length"": 3.0}"
24714,https://www.skincare90210.com,0,1,FP,0.8126199522601212,hyphen_count,20,-0.11766633837326682,7.45381050942642,"{""hyphen_count"": 0.0}"
24714,https://www.skincare90210.com,0,1,FP,0.8126199522601212,tld_length & is_suspicious_tld,21,-0.10101271728098551,7.45381050942642,"{""tld_length"": 3.0, ""is_suspicious_tld"": 0.0}"
24714,https://www.skincare90210.com,0,1,FP,0.8126199522601212,dot_count & tld_length,22,-0.06844524436059356,7.45381050942642,"{""dot_count"": 2.0, ""tld_length"": 3.0}"
24714,https://www.skincare90210.com,0,1,FP,0.8126199522601212,hostname_length,23,-0.06674592809901493,7.45381050942642,"{""hostname_length"": 21.0}"
24714,https://www.skincare90210.com,0,1,FP,0.8126199522601212,subdomain_count & tld_length,24,-0.05124543726555424,7.45381050942642,"{""subdomain_count"": 1.0, ""tld_length"": 3.0}"
24714,https://www.skincare90210.com,0,1,FP,0.8126199522601212,url_length & subdomain_count,25,0.0382244634666854,7.45381050942642,"{""url_length"": 29.0, ""subdomain_count"": 1.0}"
24714,https://www.skincare90210.com,0,1,FP,0.8126199522601212,url_length & dot_count,26,0.03813549071586985,7.45381050942642,"{""url_length"": 29.0, ""dot_count"": 2.0}"
24714,https://www.skincare90210.com,0,1,FP,0.8126199522601212,query_length,27,-0.027078428947136843,7.45381050942642,"{""query_length"": 0.0}"
24714,https://www.skincare90210.com,0,1,FP,0.8126199522601212,has_at_symbol,28,-0.01959756698087507,7.45381050942642,"{""has_at_symbol"": 0.0}"
24714,https://www.skincare90210.com,0,1,FP,0.8126199522601212,is_known_shortener,29,-0.017822008702404912,7.45381050942642,"{""is_known_shortener"": 0.0}"
24714,https://www.skincare90210.com,0,1,FP,0.8126199522601212,brand_token_in_subdomain_or_path,30,-0.014514882640951458,7.45381050942642,"{""brand_token_in_subdomain_or_path"": 0.0}"
24714,https://www.skincare90210.com,0,1,FP,0.8126199522601212,special_char_count,31,-0.013986004070273103,7.45381050942642,"{""special_char_count"": 0.0}"
24714,https://www.skincare90210.com,0,1,FP,0.8126199522601212,has_double_slash_redirect,32,-0.009178448294910968,7.45381050942642,"{""has_double_slash_redirect"": 0.0}"
24714,https://www.skincare90210.com,0,1,FP,0.8126199522601212,has_ip_address,33,-0.0031706999021339248,7.45381050942642,"{""has_ip_address"": 0.0}"
24714,https://www.skincare90210.com,0,1,FP,0.8126199522601212,has_punycode,34,-0.002040532794366517,7.45381050942642,"{""has_punycode"": 0.0}"
24714,https://www.skincare90210.com,0,1,FP,0.8126199522601212,percent_encoded_count,35,-0.002035969825591676,7.45381050942642,"{""percent_encoded_count"": 0.0}"
24714,https://www.skincare90210.com,0,1,FP,0.8126199522601212,has_port,36,-0.00011976573056143912,7.45381050942642,"{""has_port"": 0.0}"
25363,https://www.discord.org.ua,1,0,FN,0.0017765147193617985,uses_https,1,-4.502548145172728,7.45381050942642,"{""uses_https"": 1.0}"
25363,https://www.discord.org.ua,1,0,FN,0.0017765147193617985,path_length,2,-2.584596328168921,7.45381050942642,"{""path_length"": 0.0}"
25363,https://www.discord.org.ua,1,0,FN,0.0017765147193617985,slash_count,3,-2.233836669789852,7.45381050942642,"{""slash_count"": 2.0}"
25363,https://www.discord.org.ua,1,0,FN,0.0017765147193617985,url_length,4,-1.224639617003684,7.45381050942642,"{""url_length"": 26.0}"
25363,https://www.discord.org.ua,1,0,FN,0.0017765147193617985,digit_count,5,-0.4875197590472271,7.45381050942642,"{""digit_count"": 0.0}"
25363,https://www.discord.org.ua,1,0,FN,0.0017765147193617985,tld_length,6,0.48642998440350554,7.45381050942642,"{""tld_length"": 2.0}"
25363,https://www.discord.org.ua,1,0,FN,0.0017765147193617985,url_length & dot_count,7,-0.48537554058149873,7.45381050942642,"{""url_length"": 26.0, ""dot_count"": 3.0}"
25363,https://www.discord.org.ua,1,0,FN,0.0017765147193617985,subdomain_count,8,-0.4337833775175065,7.45381050942642,"{""subdomain_count"": 2.0}"
25363,https://www.discord.org.ua,1,0,FN,0.0017765147193617985,hostname_digit_count,9,-0.3434145610385966,7.45381050942642,"{""hostname_digit_count"": 0.0}"
25363,https://www.discord.org.ua,1,0,FN,0.0017765147193617985,url_length & subdomain_count,10,-0.32788309937090565,7.45381050942642,"{""url_length"": 26.0, ""subdomain_count"": 2.0}"
25363,https://www.discord.org.ua,1,0,FN,0.0017765147193617985,digit_ratio,11,-0.30933938603128897,7.45381050942642,"{""digit_ratio"": 0.0}"
25363,https://www.discord.org.ua,1,0,FN,0.0017765147193617985,homoglyph_char_ratio & tld_length,12,0.3077327217765515,7.45381050942642,"{""homoglyph_char_ratio"": 0.13333333333333333, ""tld_length"": 2.0}"
25363,https://www.discord.org.ua,1,0,FN,0.0017765147193617985,is_suspicious_tld,13,-0.27364817970414573,7.45381050942642,"{""is_suspicious_tld"": 0.0}"
25363,https://www.discord.org.ua,1,0,FN,0.0017765147193617985,hostname_length,14,-0.19659942899116478,7.45381050942642,"{""hostname_length"": 18.0}"
25363,https://www.discord.org.ua,1,0,FN,0.0017765147193617985,digit_count & homoglyph_char_ratio,15,-0.1702525760826852,7.45381050942642,"{""digit_count"": 0.0, ""homoglyph_char_ratio"": 0.13333333333333333}"
25363,https://www.discord.org.ua,1,0,FN,0.0017765147193617985,dot_count,16,-0.16309443077474803,7.45381050942642,"{""dot_count"": 3.0}"
25363,https://www.discord.org.ua,1,0,FN,0.0017765147193617985,hostname_hyphen_count,17,-0.15387944041724977,7.45381050942642,"{""hostname_hyphen_count"": 0.0}"
25363,https://www.discord.org.ua,1,0,FN,0.0017765147193617985,digit_ratio & homoglyph_char_ratio,18,0.1448054873145754,7.45381050942642,"{""digit_ratio"": 0.0, ""homoglyph_char_ratio"": 0.13333333333333333}"
25363,https://www.discord.org.ua,1,0,FN,0.0017765147193617985,dot_count & tld_length,19,-0.14285150998708585,7.45381050942642,"{""dot_count"": 3.0, ""tld_length"": 2.0}"
25363,https://www.discord.org.ua,1,0,FN,0.0017765147193617985,hyphen_count,20,-0.11766633837326682,7.45381050942642,"{""hyphen_count"": 0.0}"
25363,https://www.discord.org.ua,1,0,FN,0.0017765147193617985,hostname_digit_count & homoglyph_char_ratio,21,-0.11463424185091707,7.45381050942642,"{""hostname_digit_count"": 0.0, ""homoglyph_char_ratio"": 0.13333333333333333}"
25363,https://www.discord.org.ua,1,0,FN,0.0017765147193617985,subdomain_count & tld_length,22,-0.10383948038698429,7.45381050942642,"{""subdomain_count"": 2.0, ""tld_length"": 2.0}"
25363,https://www.discord.org.ua,1,0,FN,0.0017765147193617985,tld_length & is_suspicious_tld,23,-0.1010391899973403,7.45381050942642,"{""tld_length"": 2.0, ""is_suspicious_tld"": 0.0}"
25363,https://www.discord.org.ua,1,0,FN,0.0017765147193617985,entropy,24,-0.07433255454588919,7.45381050942642,"{""entropy"": 3.8731}"
25363,https://www.discord.org.ua,1,0,FN,0.0017765147193617985,homoglyph_char_ratio,25,-0.07159075745181695,7.45381050942642,"{""homoglyph_char_ratio"": 0.13333333333333333}"
25363,https://www.discord.org.ua,1,0,FN,0.0017765147193617985,query_length,26,-0.027078428947136843,7.45381050942642,"{""query_length"": 0.0}"
25363,https://www.discord.org.ua,1,0,FN,0.0017765147193617985,has_at_symbol,27,-0.01959756698087507,7.45381050942642,"{""has_at_symbol"": 0.0}"
25363,https://www.discord.org.ua,1,0,FN,0.0017765147193617985,is_known_shortener,28,-0.017822008702404912,7.45381050942642,"{""is_known_shortener"": 0.0}"
25363,https://www.discord.org.ua,1,0,FN,0.0017765147193617985,brand_token_in_subdomain_or_path,29,-0.014514882640951458,7.45381050942642,"{""brand_token_in_subdomain_or_path"": 0.0}"
25363,https://www.discord.org.ua,1,0,FN,0.0017765147193617985,special_char_count,30,-0.013986004070273103,7.45381050942642,"{""special_char_count"": 0.0}"
25363,https://www.discord.org.ua,1,0,FN,0.0017765147193617985,has_double_slash_redirect,31,-0.009178448294910968,7.45381050942642,"{""has_double_slash_redirect"": 0.0}"
25363,https://www.discord.org.ua,1,0,FN,0.0017765147193617985,has_ip_address,32,-0.0031706999021339248,7.45381050942642,"{""has_ip_address"": 0.0}"
25363,https://www.discord.org.ua,1,0,FN,0.0017765147193617985,has_punycode,33,-0.002040532794366517,7.45381050942642,"{""has_punycode"": 0.0}"
25363,https://www.discord.org.ua,1,0,FN,0.0017765147193617985,percent_encoded_count,34,-0.002035969825591676,7.45381050942642,"{""percent_encoded_count"": 0.0}"
25363,https://www.discord.org.ua,1,0,FN,0.0017765147193617985,url_length & entropy,35,0.0018064549054490064,7.45381050942642,"{""url_length"": 26.0, ""entropy"": 3.8731}"
25363,https://www.discord.org.ua,1,0,FN,0.0017765147193617985,has_port,36,-0.00011976573056143912,7.45381050942642,"{""has_port"": 0.0}"
27001,https://www.livingskateshop.com.br,0,0,TN,0.016180213078200254,uses_https,1,-4.502548145172728,7.45381050942642,"{""uses_https"": 1.0}"
27001,https://www.livingskateshop.com.br,0,0,TN,0.016180213078200254,path_length,2,-2.584596328168921,7.45381050942642,"{""path_length"": 0.0}"
27001,https://www.livingskateshop.com.br,0,0,TN,0.016180213078200254,slash_count,3,-2.233836669789852,7.45381050942642,"{""slash_count"": 2.0}"
27001,https://www.livingskateshop.com.br,0,0,TN,0.016180213078200254,digit_count,4,-0.4875197590472271,7.45381050942642,"{""digit_count"": 0.0}"
27001,https://www.livingskateshop.com.br,0,0,TN,0.016180213078200254,tld_length,5,0.48642998440350554,7.45381050942642,"{""tld_length"": 2.0}"
27001,https://www.livingskateshop.com.br,0,0,TN,0.016180213078200254,subdomain_count,6,-0.4337833775175065,7.45381050942642,"{""subdomain_count"": 2.0}"
27001,https://www.livingskateshop.com.br,0,0,TN,0.016180213078200254,hostname_digit_count,7,-0.3434145610385966,7.45381050942642,"{""hostname_digit_count"": 0.0}"
27001,https://www.livingskateshop.com.br,0,0,TN,0.016180213078200254,digit_ratio,8,-0.30933938603128897,7.45381050942642,"{""digit_ratio"": 0.0}"
27001,https://www.livingskateshop.com.br,0,0,TN,0.016180213078200254,homoglyph_char_ratio & tld_length,9,0.3077327217765515,7.45381050942642,"{""homoglyph_char_ratio"": 0.13043478260869565, ""tld_length"": 2.0}"
27001,https://www.livingskateshop.com.br,0,0,TN,0.016180213078200254,is_suspicious_tld,10,-0.27364817970414573,7.45381050942642,"{""is_suspicious_tld"": 0.0}"
27001,https://www.livingskateshop.com.br,0,0,TN,0.016180213078200254,entropy,11,-0.22475452066541082,7.45381050942642,"{""entropy"": 4.2339}"
27001,https://www.livingskateshop.com.br,0,0,TN,0.016180213078200254,url_length,12,-0.18919835186644385,7.45381050942642,"{""url_length"": 34.0}"
27001,https://www.livingskateshop.com.br,0,0,TN,0.016180213078200254,digit_count & homoglyph_char_ratio,13,-0.1702525760826852,7.45381050942642,"{""digit_count"": 0.0, ""homoglyph_char_ratio"": 0.13043478260869565}"
27001,https://www.livingskateshop.com.br,0,0,TN,0.016180213078200254,dot_count,14,-0.16309443077474803,7.45381050942642,"{""dot_count"": 3.0}"
27001,https://www.livingskateshop.com.br,0,0,TN,0.016180213078200254,hostname_hyphen_count,15,-0.15387944041724977,7.45381050942642,"{""hostname_hyphen_count"": 0.0}"
27001,https://www.livingskateshop.com.br,0,0,TN,0.016180213078200254,digit_ratio & homoglyph_char_ratio,16,0.1448054873145754,7.45381050942642,"{""digit_ratio"": 0.0, ""homoglyph_char_ratio"": 0.13043478260869565}"
27001,https://www.livingskateshop.com.br,0,0,TN,0.016180213078200254,dot_count & tld_length,17,-0.14285150998708585,7.45381050942642,"{""dot_count"": 3.0, ""tld_length"": 2.0}"
27001,https://www.livingskateshop.com.br,0,0,TN,0.016180213078200254,hyphen_count,18,-0.11766633837326682,7.45381050942642,"{""hyphen_count"": 0.0}"
27001,https://www.livingskateshop.com.br,0,0,TN,0.016180213078200254,hostname_digit_count & homoglyph_char_ratio,19,-0.11463424185091707,7.45381050942642,"{""hostname_digit_count"": 0.0, ""homoglyph_char_ratio"": 0.13043478260869565}"
27001,https://www.livingskateshop.com.br,0,0,TN,0.016180213078200254,subdomain_count & tld_length,20,-0.10383948038698429,7.45381050942642,"{""subdomain_count"": 2.0, ""tld_length"": 2.0}"
27001,https://www.livingskateshop.com.br,0,0,TN,0.016180213078200254,tld_length & is_suspicious_tld,21,-0.1010391899973403,7.45381050942642,"{""tld_length"": 2.0, ""is_suspicious_tld"": 0.0}"
27001,https://www.livingskateshop.com.br,0,0,TN,0.016180213078200254,url_length & dot_count,22,0.08366882852401662,7.45381050942642,"{""url_length"": 34.0, ""dot_count"": 3.0}"
27001,https://www.livingskateshop.com.br,0,0,TN,0.016180213078200254,url_length & entropy,23,0.06004644256196596,7.45381050942642,"{""url_length"": 34.0, ""entropy"": 4.2339}"
27001,https://www.livingskateshop.com.br,0,0,TN,0.016180213078200254,homoglyph_char_ratio,24,0.05467533321706968,7.45381050942642,"{""homoglyph_char_ratio"": 0.13043478260869565}"
27001,https://www.livingskateshop.com.br,0,0,TN,0.016180213078200254,url_length & subdomain_count,25,0.054058997273499325,7.45381050942642,"{""url_length"": 34.0, ""subdomain_count"": 2.0}"
27001,https://www.livingskateshop.com.br,0,0,TN,0.016180213078200254,query_length,26,-0.027078428947136843,7.45381050942642,"{""query_length"": 0.0}"
27001,https://www.livingskateshop.com.br,0,0,TN,0.016180213078200254,has_at_symbol,27,-0.01959756698087507,7.45381050942642,"{""has_at_symbol"": 0.0}"
27001,https://www.livingskateshop.com.br,0,0,TN,0.016180213078200254,is_known_shortener,28,-0.017822008702404912,7.45381050942642,"{""is_known_shortener"": 0.0}"
27001,https://www.livingskateshop.com.br,0,0,TN,0.016180213078200254,brand_token_in_subdomain_or_path,29,-0.014514882640951458,7.45381050942642,"{""brand_token_in_subdomain_or_path"": 0.0}"
27001,https://www.livingskateshop.com.br,0,0,TN,0.016180213078200254,special_char_count,30,-0.013986004070273103,7.45381050942642,"{""special_char_count"": 0.0}"
27001,https://www.livingskateshop.com.br,0,0,TN,0.016180213078200254,has_double_slash_redirect,31,-0.009178448294910968,7.45381050942642,"{""has_double_slash_redirect"": 0.0}"
27001,https://www.livingskateshop.com.br,0,0,TN,0.016180213078200254,hostname_length,32,0.006558834133966485,7.45381050942642,"{""hostname_length"": 26.0}"
27001,https://www.livingskateshop.com.br,0,0,TN,0.016180213078200254,has_ip_address,33,-0.0031706999021339248,7.45381050942642,"{""has_ip_address"": 0.0}"
27001,https://www.livingskateshop.com.br,0,0,TN,0.016180213078200254,has_punycode,34,-0.002040532794366517,7.45381050942642,"{""has_punycode"": 0.0}"
27001,https://www.livingskateshop.com.br,0,0,TN,0.016180213078200254,percent_encoded_count,35,-0.002035969825591676,7.45381050942642,"{""percent_encoded_count"": 0.0}"
27001,https://www.livingskateshop.com.br,0,0,TN,0.016180213078200254,has_port,36,-0.00011976573056143912,7.45381050942642,"{""has_port"": 0.0}"
27391,http://organisasi.bulungan.go.id/public/kajkgi39f50ohjemyfctevnbdow3logz,1,1,TP,1.0,uses_https,1,13.055541790002549,7.45381050942642,"{""uses_https"": 0.0}"
27391,http://organisasi.bulungan.go.id/public/kajkgi39f50ohjemyfctevnbdow3logz,1,1,TP,1.0,path_length,2,7.211718711802128,7.45381050942642,"{""path_length"": 40.0}"
27391,http://organisasi.bulungan.go.id/public/kajkgi39f50ohjemyfctevnbdow3logz,1,1,TP,1.0,url_length,3,5.660001326746157,7.45381050942642,"{""url_length"": 72.0}"
27391,http://organisasi.bulungan.go.id/public/kajkgi39f50ohjemyfctevnbdow3logz,1,1,TP,1.0,slash_count,4,5.41826995723393,7.45381050942642,"{""slash_count"": 4.0}"
27391,http://organisasi.bulungan.go.id/public/kajkgi39f50ohjemyfctevnbdow3logz,1,1,TP,1.0,digit_count,5,1.6083570970192191,7.45381050942642,"{""digit_count"": 5.0}"
27391,http://organisasi.bulungan.go.id/public/kajkgi39f50ohjemyfctevnbdow3logz,1,1,TP,1.0,digit_count & homoglyph_char_ratio,6,0.6354466273191148,7.45381050942642,"{""digit_count"": 5.0, ""homoglyph_char_ratio"": 0.13636363636363635}"
27391,http://organisasi.bulungan.go.id/public/kajkgi39f50ohjemyfctevnbdow3logz,1,1,TP,1.0,tld_length,7,0.48642998440350554,7.45381050942642,"{""tld_length"": 2.0}"
27391,http://organisasi.bulungan.go.id/public/kajkgi39f50ohjemyfctevnbdow3logz,1,1,TP,1.0,subdomain_count,8,-0.4337833775175065,7.45381050942642,"{""subdomain_count"": 2.0}"
27391,http://organisasi.bulungan.go.id/public/kajkgi39f50ohjemyfctevnbdow3logz,1,1,TP,1.0,entropy,9,-0.43355109171475137,7.45381050942642,"{""entropy"": 4.7449}"
27391,http://organisasi.bulungan.go.id/public/kajkgi39f50ohjemyfctevnbdow3logz,1,1,TP,1.0,url_length & subdomain_count,10,0.4019478576273877,7.45381050942642,"{""url_length"": 72.0, ""subdomain_count"": 2.0}"
27391,http://organisasi.bulungan.go.id/public/kajkgi39f50ohjemyfctevnbdow3logz,1,1,TP,1.0,url_length & dot_count,11,0.3581130470961998,7.45381050942642,"{""url_length"": 72.0, ""dot_count"": 3.0}"
27391,http://organisasi.bulungan.go.id/public/kajkgi39f50ohjemyfctevnbdow3logz,1,1,TP,1.0,url_length & entropy,12,-0.34386053091774665,7.45381050942642,"{""url_length"": 72.0, ""entropy"": 4.7449}"
27391,http://organisasi.bulungan.go.id/public/kajkgi39f50ohjemyfctevnbdow3logz,1,1,TP,1.0,hostname_digit_count,13,-0.3434145610385966,7.45381050942642,"{""hostname_digit_count"": 0.0}"
27391,http://organisasi.bulungan.go.id/public/kajkgi39f50ohjemyfctevnbdow3logz,1,1,TP,1.0,homoglyph_char_ratio & tld_length,14,0.3077327217765515,7.45381050942642,"{""homoglyph_char_ratio"": 0.13636363636363635, ""tld_length"": 2.0}"
27391,http://organisasi.bulungan.go.id/public/kajkgi39f50ohjemyfctevnbdow3logz,1,1,TP,1.0,is_suspicious_tld,15,-0.27364817970414573,7.45381050942642,"{""is_suspicious_tld"": 0.0}"
27391,http://organisasi.bulungan.go.id/public/kajkgi39f50ohjemyfctevnbdow3logz,1,1,TP,1.0,digit_ratio & homoglyph_char_ratio,16,-0.23863033388085547,7.45381050942642,"{""digit_ratio"": 0.06944444444444445, ""homoglyph_char_ratio"": 0.13636363636363635}"
27391,http://organisasi.bulungan.go.id/public/kajkgi39f50ohjemyfctevnbdow3logz,1,1,TP,1.0,dot_count,17,-0.16309443077474803,7.45381050942642,"{""dot_count"": 3.0}"
27391,http://organisasi.bulungan.go.id/public/kajkgi39f50ohjemyfctevnbdow3logz,1,1,TP,1.0,hostname_hyphen_count,18,-0.15387944041724977,7.45381050942642,"{""hostname_hyphen_count"": 0.0}"
27391,http://organisasi.bulungan.go.id/public/kajkgi39f50ohjemyfctevnbdow3logz,1,1,TP,1.0,dot_count & tld_length,19,-0.14285150998708585,7.45381050942642,"{""dot_count"": 3.0, ""tld_length"": 2.0}"
27391,http://organisasi.bulungan.go.id/public/kajkgi39f50ohjemyfctevnbdow3logz,1,1,TP,1.0,hyphen_count,20,-0.11766633837326682,7.45381050942642,"{""hyphen_count"": 0.0}"
27391,http://organisasi.bulungan.go.id/public/kajkgi39f50ohjemyfctevnbdow3logz,1,1,TP,1.0,hostname_digit_count & homoglyph_char_ratio,21,-0.11463424185091707,7.45381050942642,"{""hostname_digit_count"": 0.0, ""homoglyph_char_ratio"": 0.13636363636363635}"
27391,http://organisasi.bulungan.go.id/public/kajkgi39f50ohjemyfctevnbdow3logz,1,1,TP,1.0,digit_ratio,22,0.11367247301617997,7.45381050942642,"{""digit_ratio"": 0.06944444444444445}"
27391,http://organisasi.bulungan.go.id/public/kajkgi39f50ohjemyfctevnbdow3logz,1,1,TP,1.0,subdomain_count & tld_length,23,-0.10383948038698429,7.45381050942642,"{""subdomain_count"": 2.0, ""tld_length"": 2.0}"
27391,http://organisasi.bulungan.go.id/public/kajkgi39f50ohjemyfctevnbdow3logz,1,1,TP,1.0,tld_length & is_suspicious_tld,24,-0.1010391899973403,7.45381050942642,"{""tld_length"": 2.0, ""is_suspicious_tld"": 0.0}"
27391,http://organisasi.bulungan.go.id/public/kajkgi39f50ohjemyfctevnbdow3logz,1,1,TP,1.0,homoglyph_char_ratio,25,-0.07159075745181695,7.45381050942642,"{""homoglyph_char_ratio"": 0.13636363636363635}"
27391,http://organisasi.bulungan.go.id/public/kajkgi39f50ohjemyfctevnbdow3logz,1,1,TP,1.0,query_length,26,-0.027078428947136843,7.45381050942642,"{""query_length"": 0.0}"
27391,http://organisasi.bulungan.go.id/public/kajkgi39f50ohjemyfctevnbdow3logz,1,1,TP,1.0,has_at_symbol,27,-0.01959756698087507,7.45381050942642,"{""has_at_symbol"": 0.0}"
27391,http://organisasi.bulungan.go.id/public/kajkgi39f50ohjemyfctevnbdow3logz,1,1,TP,1.0,is_known_shortener,28,-0.017822008702404912,7.45381050942642,"{""is_known_shortener"": 0.0}"
27391,http://organisasi.bulungan.go.id/public/kajkgi39f50ohjemyfctevnbdow3logz,1,1,TP,1.0,brand_token_in_subdomain_or_path,29,-0.014514882640951458,7.45381050942642,"{""brand_token_in_subdomain_or_path"": 0.0}"
27391,http://organisasi.bulungan.go.id/public/kajkgi39f50ohjemyfctevnbdow3logz,1,1,TP,1.0,special_char_count,30,-0.013986004070273103,7.45381050942642,"{""special_char_count"": 0.0}"
27391,http://organisasi.bulungan.go.id/public/kajkgi39f50ohjemyfctevnbdow3logz,1,1,TP,1.0,has_double_slash_redirect,31,-0.009178448294910968,7.45381050942642,"{""has_double_slash_redirect"": 0.0}"
27391,http://organisasi.bulungan.go.id/public/kajkgi39f50ohjemyfctevnbdow3logz,1,1,TP,1.0,hostname_length,32,0.006558834133966485,7.45381050942642,"{""hostname_length"": 25.0}"
27391,http://organisasi.bulungan.go.id/public/kajkgi39f50ohjemyfctevnbdow3logz,1,1,TP,1.0,has_ip_address,33,-0.0031706999021339248,7.45381050942642,"{""has_ip_address"": 0.0}"
27391,http://organisasi.bulungan.go.id/public/kajkgi39f50ohjemyfctevnbdow3logz,1,1,TP,1.0,has_punycode,34,-0.002040532794366517,7.45381050942642,"{""has_punycode"": 0.0}"
27391,http://organisasi.bulungan.go.id/public/kajkgi39f50ohjemyfctevnbdow3logz,1,1,TP,1.0,percent_encoded_count,35,-0.002035969825591676,7.45381050942642,"{""percent_encoded_count"": 0.0}"
27391,http://organisasi.bulungan.go.id/public/kajkgi39f50ohjemyfctevnbdow3logz,1,1,TP,1.0,has_port,36,-0.00011976573056143912,7.45381050942642,"{""has_port"": 0.0}"
33567,https://s.amaucszaou.icu,1,0,FN,0.2290417997948824,is_suspicious_tld,1,4.606884144760141,7.45381050942642,"{""is_suspicious_tld"": 1.0}"
33567,https://s.amaucszaou.icu,1,0,FN,0.2290417997948824,uses_https,2,-4.502548145172728,7.45381050942642,"{""uses_https"": 1.0}"
33567,https://s.amaucszaou.icu,1,0,FN,0.2290417997948824,path_length,3,-2.584596328168921,7.45381050942642,"{""path_length"": 0.0}"
33567,https://s.amaucszaou.icu,1,0,FN,0.2290417997948824,slash_count,4,-2.233836669789852,7.45381050942642,"{""slash_count"": 2.0}"
33567,https://s.amaucszaou.icu,1,0,FN,0.2290417997948824,url_length,5,-1.2403152420181063,7.45381050942642,"{""url_length"": 24.0}"
33567,https://s.amaucszaou.icu,1,0,FN,0.2290417997948824,subdomain_count,6,-0.6036984675050617,7.45381050942642,"{""subdomain_count"": 1.0}"
33567,https://s.amaucszaou.icu,1,0,FN,0.2290417997948824,digit_count,7,-0.4875197590472271,7.45381050942642,"{""digit_count"": 0.0}"
33567,https://s.amaucszaou.icu,1,0,FN,0.2290417997948824,dot_count,8,-0.34875689981762226,7.45381050942642,"{""dot_count"": 2.0}"
33567,https://s.amaucszaou.icu,1,0,FN,0.2290417997948824,hostname_digit_count,9,-0.3434145610385966,7.45381050942642,"{""hostname_digit_count"": 0.0}"
33567,https://s.amaucszaou.icu,1,0,FN,0.2290417997948824,digit_ratio,10,-0.30933938603128897,7.45381050942642,"{""digit_ratio"": 0.0}"
33567,https://s.amaucszaou.icu,1,0,FN,0.2290417997948824,digit_count & homoglyph_char_ratio,11,-0.2125991523112629,7.45381050942642,"{""digit_count"": 0.0, ""homoglyph_char_ratio"": 0.07142857142857142}"
33567,https://s.amaucszaou.icu,1,0,FN,0.2290417997948824,hostname_length,12,-0.20133513887474402,7.45381050942642,"{""hostname_length"": 16.0}"
33567,https://s.amaucszaou.icu,1,0,FN,0.2290417997948824,entropy,13,0.15993860492154352,7.45381050942642,"{""entropy"": 3.6573}"
33567,https://s.amaucszaou.icu,1,0,FN,0.2290417997948824,hostname_digit_count & homoglyph_char_ratio,14,-0.15725300661840783,7.45381050942642,"{""hostname_digit_count"": 0.0, ""homoglyph_char_ratio"": 0.07142857142857142}"
33567,https://s.amaucszaou.icu,1,0,FN,0.2290417997948824,hostname_hyphen_count,15,-0.15387944041724977,7.45381050942642,"{""hostname_hyphen_count"": 0.0}"
33567,https://s.amaucszaou.icu,1,0,FN,0.2290417997948824,tld_length,16,-0.11985321816095296,7.45381050942642,"{""tld_length"": 3.0}"
33567,https://s.amaucszaou.icu,1,0,FN,0.2290417997948824,hyphen_count,17,-0.11766633837326682,7.45381050942642,"{""hyphen_count"": 0.0}"
33567,https://s.amaucszaou.icu,1,0,FN,0.2290417997948824,homoglyph_char_ratio & tld_length,18,0.1173281103700489,7.45381050942642,"{""homoglyph_char_ratio"": 0.07142857142857142, ""tld_length"": 3.0}"
33567,https://s.amaucszaou.icu,1,0,FN,0.2290417997948824,digit_ratio & homoglyph_char_ratio,19,0.116603667258345,7.45381050942642,"{""digit_ratio"": 0.0, ""homoglyph_char_ratio"": 0.07142857142857142}"
33567,https://s.amaucszaou.icu,1,0,FN,0.2290417997948824,dot_count & tld_length,20,-0.06844524436059356,7.45381050942642,"{""dot_count"": 2.0, ""tld_length"": 3.0}"
33567,https://s.amaucszaou.icu,1,0,FN,0.2290417997948824,url_length & dot_count,21,0.06455236419679636,7.45381050942642,"{""url_length"": 24.0, ""dot_count"": 2.0}"
33567,https://s.amaucszaou.icu,1,0,FN,0.2290417997948824,homoglyph_char_ratio,22,0.05734624102178199,7.45381050942642,"{""homoglyph_char_ratio"": 0.07142857142857142}"
33567,https://s.amaucszaou.icu,1,0,FN,0.2290417997948824,url_length & subdomain_count,23,0.05443850289815313,7.45381050942642,"{""url_length"": 24.0, ""subdomain_count"": 1.0}"
33567,https://s.amaucszaou.icu,1,0,FN,0.2290417997948824,subdomain_count & tld_length,24,-0.05124543726555424,7.45381050942642,"{""subdomain_count"": 1.0, ""tld_length"": 3.0}"
33567,https://s.amaucszaou.icu,1,0,FN,0.2290417997948824,query_length,25,-0.027078428947136843,7.45381050942642,"{""query_length"": 0.0}"
33567,https://s.amaucszaou.icu,1,0,FN,0.2290417997948824,has_at_symbol,26,-0.01959756698087507,7.45381050942642,"{""has_at_symbol"": 0.0}"
33567,https://s.amaucszaou.icu,1,0,FN,0.2290417997948824,is_known_shortener,27,-0.017822008702404912,7.45381050942642,"{""is_known_shortener"": 0.0}"
33567,https://s.amaucszaou.icu,1,0,FN,0.2290417997948824,brand_token_in_subdomain_or_path,28,-0.014514882640951458,7.45381050942642,"{""brand_token_in_subdomain_or_path"": 0.0}"
33567,https://s.amaucszaou.icu,1,0,FN,0.2290417997948824,special_char_count,29,-0.013986004070273103,7.45381050942642,"{""special_char_count"": 0.0}"
33567,https://s.amaucszaou.icu,1,0,FN,0.2290417997948824,url_length & entropy,30,0.010414029206427713,7.45381050942642,"{""url_length"": 24.0, ""entropy"": 3.6573}"
33567,https://s.amaucszaou.icu,1,0,FN,0.2290417997948824,tld_length & is_suspicious_tld,31,-0.009199069501190517,7.45381050942642,"{""tld_length"": 3.0, ""is_suspicious_tld"": 1.0}"
33567,https://s.amaucszaou.icu,1,0,FN,0.2290417997948824,has_double_slash_redirect,32,-0.009178448294910968,7.45381050942642,"{""has_double_slash_redirect"": 0.0}"
33567,https://s.amaucszaou.icu,1,0,FN,0.2290417997948824,has_ip_address,33,-0.0031706999021339248,7.45381050942642,"{""has_ip_address"": 0.0}"
33567,https://s.amaucszaou.icu,1,0,FN,0.2290417997948824,has_punycode,34,-0.002040532794366517,7.45381050942642,"{""has_punycode"": 0.0}"
33567,https://s.amaucszaou.icu,1,0,FN,0.2290417997948824,percent_encoded_count,35,-0.002035969825591676,7.45381050942642,"{""percent_encoded_count"": 0.0}"
33567,https://s.amaucszaou.icu,1,0,FN,0.2290417997948824,has_port,36,-0.00011976573056143912,7.45381050942642,"{""has_port"": 0.0}"
