cluster,feature,rank,cluster_mean,overall_class_mean,standardized_difference,direction
0,entropy,1,4.027315200392555,4.110126025398162,-0.21698138999396263,lower
0,slash_count,2,2.7279188299354185,3.020206272363713,-0.20889230268386935,lower
0,url_length,3,35.78700772445232,46.484585701255874,-0.17254696717786858,lower
0,query_length,4,0.041249841712042545,5.321742790991371,-0.14115274277425918,lower
0,path_length,5,3.8278460174749904,8.879267522626815,-0.12658354848090306,lower
0,special_char_count,6,0.024819551728504495,0.5502139900371852,-0.11899455072303541,lower
0,digit_ratio,7,0.05465321225850371,0.0653872925369593,-0.11281517352774438,lower
0,digit_count,8,2.2335538812207165,4.381168876727706,-0.10973857305119945,lower
0,dot_count,9,2.2690420412814993,2.3929278046727003,-0.0902120138912005,lower
0,has_at_symbol,10,0.004859440293782449,0.015266961341471971,-0.0848812448776476,lower
0,has_double_slash_redirect,11,0.0007597821957705458,0.00847540868589069,-0.08416647252891954,lower
0,uses_https,12,0.4527668734962644,0.487125517434926,-0.0687400793083581,lower
0,hyphen_count,13,0.5641224515638851,0.7204237704342945,-0.06114498653945496,lower
0,has_ip_address,14,0.0012029884766366974,0.005795271170981548,-0.060499783626086656,lower
0,homoglyph_char_ratio,15,0.1293029294900267,0.1331506019688537,-0.048101158087333694,lower
0,percent_encoded_count,16,0.00036406230214005317,0.060211885217147265,-0.04277245451394051,lower
0,subdomain_count,17,1.1846270735722426,1.1656212727145163,0.02376387631425475,higher
0,hostname_digit_count,18,1.97046346713942,2.0530835613555043,-0.020805387215133742,lower
0,is_suspicious_tld,19,0.11099151576548057,0.10605486564232092,0.01603288276341406,higher
0,hostname_hyphen_count,20,0.5263232873243003,0.5384410299586052,-0.011737359835084648,lower
0,brand_token_in_subdomain_or_path,21,0.01592376851969102,0.017315652845015083,-0.010670301469183916,lower
0,has_port,22,0.00012663036596175764,0.0002946748053041465,-0.009790765316098961,lower
0,tld_length,23,2.8158952766873497,2.811660703009893,0.006057179105479122,higher
0,is_known_shortener,24,0.0050652146384703054,0.004658668350522697,0.005970257785258696,higher
0,has_punycode,25,0.0015353931872863112,0.001655791763137585,-0.002961272268140069,lower
0,hostname_length,26,24.416439787260984,24.430814565354662,-0.0011783493459688868,lower
1,entropy,1,4.756887884781803,4.110126025398162,1.69464906592393,higher
1,slash_count,2,5.303004079614291,3.020206272363713,1.6314723840222682,higher
1,url_length,3,130.03387316108297,46.484585701255874,1.3476112249263232,higher
1,query_length,4,46.562986772159725,5.321742790991371,1.1024188005324018,higher
1,path_length,5,48.331437754975894,8.879267522626815,0.9886317540894464,higher
1,special_char_count,6,4.653603659290394,0.5502139900371852,0.9293608278499795,higher
1,digit_ratio,7,0.14922166707914125,0.0653872925369593,0.881099196784371,higher
1,digit_count,8,21.154283595005563,4.381168876727706,0.8570706009497561,higher
1,dot_count,9,3.3604895537149213,2.3929278046727003,0.7045659772024345,higher
1,has_at_symbol,10,0.09655087155396216,0.015266961341471971,0.6629320715033087,higher
1,has_double_slash_redirect,11,0.06873531956978612,0.00847540868589069,0.657349619048958,higher
1,uses_https,12,0.7554703918902212,0.487125517434926,0.5368677525509735,higher
1,hyphen_count,13,1.9411546544690321,0.7204237704342945,0.4775492235896413,higher
1,has_ip_address,14,0.04166151563852145,0.005795271170981548,0.47251011625190387,higher
1,homoglyph_char_ratio,15,0.16320135688570045,0.1331506019688537,0.3756754559680278,higher
1,percent_encoded_count,16,0.5276301149709482,0.060211885217147265,0.3340576815889116,higher
1,subdomain_count,17,1.0171838298924465,1.1656212727145163,-0.18559854741369342,lower
1,hostname_digit_count,18,2.6983557918160463,2.0530835613555043,0.16249241472410517,higher
1,is_suspicious_tld,19,0.06749907281493386,0.10605486564232092,-0.12521861805679887,lower
1,hostname_hyphen_count,20,0.6330819631598467,0.5384410299586052,0.0916701007468544,higher
1,brand_token_in_subdomain_or_path,21,0.02818642601063172,0.017315652845015083,0.08333625486675278,higher
1,has_port,22,0.001607120781307949,0.0002946748053041465,0.0764669785647012,higher
1,tld_length,23,2.7785882062059586,2.811660703009893,-0.0473072502370818,lower
1,is_known_shortener,24,0.0014834961058227223,0.004658668350522697,-0.04662838494764536,lower
1,has_punycode,25,0.002596118185189764,0.001655791763137585,0.02312786955272802,higher
1,hostname_length,26,24.543083199406603,24.430814565354662,0.009203040954496616,higher
