feature,gain
path_length,1244082.5702958107
dot_count,929387.2719298601
slash_count,843356.0383270979
url_length,290345.17578339577
hostname_length,280167.0761641264
subdomain_count,266783.2384849787
homoglyph_char_ratio,143409.92218494415
uses_https,141048.3210594654
special_char_count,114779.04317390919
digit_ratio,109842.4922671318
digit_count,104661.61226058006
tld_length,104455.94606542587
query_length,97644.05695784092
entropy,89524.51053965092
hostname_digit_count,87503.9485001564
hyphen_count,65050.18666255474
percent_encoded_count,38283.85162913799
hostname_hyphen_count,30907.254285812378
brand_token_in_subdomain_or_path,15755.220630407333
has_ip_address,13606.534353256226
has_double_slash_redirect,10341.793308734894
is_suspicious_tld,9906.938583135605
has_at_symbol,730.0474348068237
has_port,425.71604084968567
is_known_shortener,201.4210286140442
has_punycode,0.0
