feature,coefficient
slash_count,11.927099131640256
uses_https,-6.200602185559691
hostname_length,1.3772920147963357
hostname_digit_count,1.2739010542532228
is_suspicious_tld,0.9058324360286633
digit_ratio,0.8552790572943559
path_length,0.7767066936827483
url_length,0.6877580562704564
subdomain_count,-0.5504568014410285
tld_length,-0.49615865983528457
hostname_hyphen_count,0.48985317832878367
is_known_shortener,0.4889137068924826
hyphen_count,0.36631558458221863
has_at_symbol,0.32345671429442263
has_double_slash_redirect,-0.3205834666738153
has_ip_address,-0.26739870803012306
entropy,-0.21604856024609104
brand_token_in_subdomain_or_path,0.19424964093203098
homoglyph_char_ratio,0.13862284190790844
percent_encoded_count,-0.13158730627772108
has_punycode,0.10654204190501733
query_length,-0.08972004962143233
dot_count,0.07330069624070429
has_port,-0.05864180573515646
special_char_count,-0.028345184203136472
digit_count,0.003457979324704692
