url,label
http://10.0.137.190/apple/billing.php,1
http://microsoft-secure-login.click/login,1
https://www.amazon.com/docs/api?ref=97542,0
http://amazon.id.amazon.session.tk/login.php?id=5889,1
http://45.33.251.21/amazon/verify.php,1
https://www.linkedin.com/docs/api,0
http://bit.ly/002g3yu,1
https://www.google.com/about?ref=51723,0
http://verify.id.irs.session.top/verify.php?id=5190,1
https://www.gov.uk,0
https://xn--ama-16d.com/confirm,1
http://verify.session.id.id.buzz/verify.php?id=2705,1
http://webscr.secure.dhl.secure.tk/webscr.php?id=3979,1
http://10.0.143.111/instagram/update.php,1
https://xn--coi-34d.com/update,1
http://amazon-account-billing.gq/billing,1
https://www.netflix.com/,0
https://www.spotify.com/en/help?ref=1336,0
https://xn--irs-87d.com/billing,1
https://www.apple.com/?ref=73910,0
https://www.abc.net.au/en/help?ref=32685,0
http://104.21.6.85/netflix/webscr.php,1
http://chase-id-confirm.win/confirm,1
http://instagram-account-secure.win/secure,1
https://www.stackoverflow.com/products/laptop?ref=8456,0
http://bit.ly/snglh62,1
https://xn--out-35d.com/webscr,1
https://www.dropbox.com/user/profile,0
http://irs-login-update.click/update,1
http://secure.secure.id.irs.xyz/signin.php?id=5770,1
http://irs-id-secure.loan/secure,1
https://xn--cha-44d.com/webscr,1
http://bit.ly/05qpahk,1
http://irs-secure-secure.loan/secure,1
https://www.nytimes.com/products/laptop?ref=28801,0
https://www.spotify.com/en/help,0
http://secure.session.microsoft.confirm.top/confirm.php?id=3384,1
http://bit.ly/jjfgjk2,1
https://xn--dhl-44d.com/confirm,1
http://session.update.secure.amazon.info/update.php?id=9980,1
https://www.wikipedia.org/?ref=96448,0
http://bit.ly/4x0qzfh,1
https://www.github.com/search?q=news,0
https://www.bbc.co.uk/en/help?ref=23871,0
https://www.amazon.com?ref=91357,0
https://www.commbank.com.au/en/help?ref=43176,0
http://session.reset-password.id.session.info/reset-password.php?id=6633,1
https://www.unimelb.edu.au/en/help,0
https://www.amazon.com/blog/2026/update,0
http://session.id.id.outlook.buzz/login.php?id=2897,1
http://10.0.62.50/apple/reset-password.php,1
https://xn--mic-88d.com/confirm,1
https://xn--dhl-13d.com/webscr,1
https://www.dropbox.com/search?q=news,0
https://www.apple.com/en/help?ref=88562,0
http://instagram-secure-verify.click/verify,1
https://www.netflix.com/user/profile,0
http://session.instagram.id.session.icu/update.php?id=3913,1
https://www.spotify.com/user/profile,0
https://www.linkedin.com/user/profile?ref=10099,0
http://45.33.153.5/instagram/login.php,1
https://www.commbank.com.au/blog/2026/update?ref=40691,0
http://45.33.100.121/coinbase/account.php,1
https://www.linkedin.com/en/help?ref=6100,0
http://45.33.43.17/bankofamerica/reset-password.php,1
http://webscr.amazon.webscr.secure.icu/webscr.php?id=8751,1
http://dhl-login-reset-password.icu/reset-password,1
https://www.adobe.com/,0
http://microsoft-id-reset-password.top/reset-password,1
https://xn--dhl-43d.com/login,1
https://www.unimelb.edu.au/products/laptop?ref=3260,0
https://www.commbank.com.au/about?ref=49629,0
http://amazon-id-billing.icu/billing,1
https://www.microsoft.com/blog/2026/update?ref=58154,0
https://www.nytimes.com/products/laptop,0
http://session.id.session.id.gq/signin.php?id=9535,1
https://xn--app-94d.com/confirm,1
http://bit.ly/l3zyt91,1
http://bit.ly/5k55dmc,1
http://reset-password.reset-password.reset-password.outlook.top/reset-password.php?id=2352,1
http://bit.ly/ll1d9s9,1
http://bit.ly/djnv07o,1
http://login.session.session.login.gq/login.php?id=5693,1
https://www.spotify.com?ref=31161,0
http://confirm.secure.id.confirm.top/confirm.php?id=1983,1
http://bit.ly/s0cdk36,1
http://bit.ly/kz4z7wh,1
http://bit.ly/ao1cjfx,1
http://secure.id.session.secure.buzz/billing.php?id=9745,1
https://www.microsoft.com/blog/2026/update?ref=24519,0
https://www.reddit.com/,0
https://xn--net-83d.com/webscr,1
https://www.who.int/about?ref=77380,0
http://reset-password.reset-password.secure.id.click/reset-password.php?id=2467,1
https://www.reddit.com/en/help,0
https://www.gov.uk/blog/2026/update,0
https://www.amazon.com/search?q=news&ref=10838,0
http://session.netflix.id.session.xyz/secure.php?id=2506,1
https://www.linkedin.com/blog/2026/update?ref=90889,0
https://www.netflix.com/en/help,0
https://xn--ins-24d.com/webscr,1
https://xn--ama-63d.com/update,1
https://xn--app-69d.com/login,1
https://www.microsoft.com/en/help?ref=97463,0
https://www.apple.com/user/profile?ref=35782,0
http://microsoft-account-signin.xyz/signin,1
http://id.id.session.id.info/confirm.php?id=1273,1
https://www.gov.uk?ref=57179,0
https://xn--ama-33d.com/verify,1
http://bankofamerica.secure.session.id.tk/confirm.php?id=1462,1
http://45.33.244.106/bankofamerica/login.php,1
https://www.bbc.co.uk/blog/2026/update?ref=99548,0
https://www.github.com/blog/2026/update?ref=94969,0
https://www.spotify.com/blog/2026/update?ref=49237,0
http://bit.ly/o4rcb1k,1
https://www.nytimes.com/user/profile,0
https://xn--app-35d.com/billing,1
https://xn--irs-57d.com/confirm,1
https://www.commbank.com.au/search?q=news&ref=10171,0
https://www.unimelb.edu.au/products/laptop,0
https://www.who.int,0
http://signin.secure.id.chase.gq/signin.php?id=5512,1
https://www.who.int?ref=44713,0
https://www.bbc.co.uk?ref=63277,0
https://xn--app-23d.com/login,1
https://www.commbank.com.au/en/help?ref=40315,0
http://session.id.secure.apple.gq/login.php?id=8649,1
https://www.who.int/user/profile?ref=93349,0
https://xn--net-56d.com/update,1
http://secure.id.irs.id.info/update.php?id=1301,1
https://www.who.int/about?ref=21218,0
http://104.21.23.220/dhl/webscr.php,1
https://www.who.int/en/help?ref=85015,0
http://outlook-secure-signin.loan/signin,1
https://www.abc.net.au/search?q=news&ref=87799,0
https://www.spotify.com/about,0
https://www.reddit.com,0
https://xn--app-34d.com/reset-password,1
http://bankofamerica-account-account.gq/account,1
http://id.secure.secure.session.top/confirm.php?id=7839,1
http://bit.ly/hdk8lw2,1
https://www.github.com/blog/2026/update?ref=91673,0
https://www.apple.com/about?ref=64092,0
https://xn--coi-38d.com/secure,1
http://10.0.163.78/bankofamerica/webscr.php,1
https://www.who.int,0
https://www.wikipedia.org/about,0
https://www.microsoft.com,0
http://104.21.188.48/coinbase/reset-password.php,1
https://www.nytimes.com/about,0
http://outlook-verify-update.loan/update,1
https://www.dropbox.com/blog/2026/update?ref=40599,0
https://www.commbank.com.au/products/laptop?ref=25586,0
https://www.unimelb.edu.au/products/laptop,0
https://www.gov.uk/products/laptop,0
https://www.bbc.co.uk/products/laptop?ref=2607,0
https://www.dropbox.com/?ref=79104,0
http://bit.ly/89ltajw,1
https://www.apple.com/docs/api?ref=75668,0
https://www.bbc.co.uk/user/profile?ref=86990,0
http://id.id.secure.microsoft.icu/update.php?id=7524,1
http://bit.ly/jlzy1uu,1
http://outlook-verify-account.buzz/account,1
https://www.google.com/about?ref=86823,0
https://www.nytimes.com/docs/api,0
https://www.netflix.com/about?ref=77869,0
https://www.stackoverflow.com/blog/2026/update?ref=77019,0
http://192.168.82.139/netflix/reset-password.php,1
https://www.netflix.com/?ref=98260,0
http://bit.ly/rim1y65,1
http://microsoft-secure-verify.tk/verify,1
https://www.microsoft.com/about,0
https://www.bbc.co.uk/about,0
http://45.33.22.135/apple/webscr.php,1
http://coinbase-verify-signin.info/signin,1
https://xn--mic-23d.com/account,1
http://secure.login.session.id.click/login.php?id=2084,1
https://www.google.com/,0
https://www.commbank.com.au/products/laptop,0
https://www.netflix.com/docs/api?ref=49567,0
https://www.adobe.com/about,0
https://www.bbc.co.uk/blog/2026/update?ref=16726,0
https://www.abc.net.au/blog/2026/update,0
http://coinbase-secure-account.loan/account,1
https://www.linkedin.com/search?q=news&ref=77435,0
https://www.stackoverflow.com/user/profile?ref=24777,0
https://xn--cha-91d.com/reset-password,1
https://www.github.com/products/laptop?ref=27422,0
http://10.0.183.190/chase/account.php,1
https://www.gov.uk/about?ref=53171,0
https://www.commbank.com.au/blog/2026/update,0
https://www.commbank.com.au/docs/api?ref=96236,0
https://www.gov.uk/search?q=news,0
http://104.21.41.14/bankofamerica/verify.php,1
https://xn--pay-85d.com/reset-password,1
http://45.33.159.161/amazon/reset-password.php,1
http://bankofamerica-login-verify.loan/verify,1
http://id.paypal.paypal.update.icu/update.php?id=7642,1
https://www.dropbox.com/en/help,0
https://www.netflix.com/,0
http://10.0.154.206/dhl/verify.php,1
https://www.reddit.com/products/laptop?ref=9564,0
https://www.reddit.com/en/help?ref=40008,0
http://bankofamerica-verify-reset-password.info/reset-password,1
https://www.stackoverflow.com/,0
http://id.update.secure.session.loan/update.php?id=6797,1
http://192.168.81.95/instagram/secure.php,1
http://session.instagram.session.id.info/update.php?id=3937,1
https://www.unimelb.edu.au/about,0
https://xn--out-62d.com/reset-password,1
http://bankofamerica.secure.id.signin.loan/signin.php?id=6077,1
https://www.spotify.com/user/profile,0
http://10.0.164.210/outlook/secure.php,1
https://www.stackoverflow.com/search?q=news,0
http://instagram-secure-account.click/account,1
http://10.0.108.126/amazon/reset-password.php,1
http://apple-verify-account.icu/account,1
https://www.unimelb.edu.au,0
https://www.bbc.co.uk/docs/api?ref=8263,0
http://session.reset-password.reset-password.secure.tk/reset-password.php?id=8322,1
http://192.168.102.203/microsoft/update.php,1
https://xn--pay-43d.com/confirm,1
https://www.commbank.com.au/docs/api?ref=15663,0
https://www.wikipedia.org/blog/2026/update?ref=6229,0
https://xn--irs-98d.com/reset-password,1
http://bit.ly/d3kzvh4,1
http://bit.ly/9d31k9q,1
https://www.google.com/user/profile?ref=49353,0
http://dhl-verify-secure.click/secure,1
https://www.dropbox.com/about,0
http://10.0.105.179/chase/account.php,1
https://www.commbank.com.au/user/profile,0
http://amazon-login-secure.icu/secure,1
http://104.21.235.204/coinbase/confirm.php,1
https://www.abc.net.au/products/laptop?ref=68568,0
https://www.dropbox.com/products/laptop,0
https://www.microsoft.com/docs/api,0
https://www.github.com?ref=74792,0
http://update.update.session.microsoft.xyz/update.php?id=5521,1
https://www.microsoft.com/blog/2026/update?ref=89039,0
http://secure.login.session.id.tk/login.php?id=6224,1
https://www.apple.com/blog/2026/update?ref=27100,0
http://104.21.49.50/apple/account.php,1
https://www.apple.com/docs/api?ref=69676,0
https://www.abc.net.au/,0
https://www.wikipedia.org/?ref=46309,0
https://www.wikipedia.org/,0
https://www.apple.com/about,0
http://chase-account-update.xyz/update,1
https://www.google.com/?ref=85076,0
https://www.netflix.com/products/laptop,0
https://www.bbc.co.uk/en/help,0
https://xn--cha-84d.com/update,1
https://xn--cha-38d.com/update,1
https://www.unimelb.edu.au/en/help?ref=54665,0
https://www.linkedin.com/user/profile,0
https://xn--net-68d.com/reset-password,1
http://bit.ly/1g1r1dw,1
http://session.account.id.account.buzz/account.php?id=3911,1
https://www.amazon.com/blog/2026/update?ref=80507,0
https://xn--coi-67d.com/secure,1
http://bit.ly/apkiano,1
http://coinbase.id.coinbase.session.tk/billing.php?id=4471,1
http://45.33.197.2/netflix/update.php,1
https://www.wikipedia.org/blog/2026/update,0
http://bit.ly/9q2l48c,1
http://apple-login-webscr.gq/webscr,1
https://xn--out-71d.com/billing,1
http://bit.ly/yzx9jpn,1
https://www.adobe.com/,0
http://192.168.99.113/instagram/login.php,1
http://104.21.78.114/chase/signin.php,1
https://www.bbc.co.uk/?ref=41319,0
http://45.33.67.219/microsoft/signin.php,1
https://www.nytimes.com/search?q=news&ref=42116,0
https://www.abc.net.au/blog/2026/update,0
http://bit.ly/wlxdsc4,1
https://www.netflix.com/about,0
http://secure.id.id.apple.click/signin.php?id=1894,1
http://bit.ly/7f00ter,1
https://www.commbank.com.au/?ref=5165,0
https://www.microsoft.com/user/profile?ref=52876,0
https://xn--irs-24d.com/webscr,1
https://www.bbc.co.uk/user/profile,0
http://irs-account-signin.top/signin,1
https://www.apple.com/products/laptop?ref=51277,0
http://instagram-secure-reset-password.xyz/reset-password,1
https://www.netflix.com/user/profile?ref=75349,0
http://chase-login-account.loan/account,1
https://www.commbank.com.au/search?q=news&ref=36774,0
https://xn--mic-74d.com/webscr,1
https://www.reddit.com/about,0
http://netflix-secure-secure.xyz/secure,1
https://www.abc.net.au/en/help?ref=11543,0
https://www.netflix.com?ref=25878,0
https://xn--out-88d.com/billing,1
https://www.apple.com/blog/2026/update?ref=32252,0
https://www.bbc.co.uk/search?q=news,0
https://www.netflix.com/about?ref=28460,0
https://www.abc.net.au,0
http://45.33.183.248/amazon/update.php,1
https://www.github.com/user/profile,0
http://netflix-verify-login.icu/login,1
https://xn--coi-48d.com/verify,1
https://xn--pay-48d.com/login,1
http://netflix-verify-verify.loan/verify,1
http://bit.ly/rrhf4ab,1
https://www.reddit.com/?ref=99176,0
https://www.commbank.com.au/search?q=news,0
https://www.dropbox.com/user/profile?ref=62213,0
http://chase-id-signin.click/signin,1
https://www.dropbox.com/blog/2026/update?ref=3733,0
https://www.dropbox.com/en/help?ref=35179,0
https://www.wikipedia.org/about?ref=64471,0
https://www.wikipedia.org?ref=18146,0
https://xn--net-72d.com/update,1
https://www.unimelb.edu.au/en/help?ref=9968,0
https://www.adobe.com/search?q=news,0
https://xn--ban-76d.com/account,1
https://www.github.com/products/laptop?ref=68811,0
https://www.commbank.com.au/docs/api,0
https://www.reddit.com/products/laptop?ref=38450,0
https://www.microsoft.com/user/profile,0
http://bit.ly/0votqtx,1
http://bit.ly/1tv18kg,1
https://www.nytimes.com/user/profile?ref=38125,0
http://192.168.191.56/bankofamerica/update.php,1
https://xn--cha-95d.com/verify,1
https://xn--pay-27d.com/webscr,1
https://xn--ama-30d.com/login,1
https://www.stackoverflow.com/,0
http://bit.ly/2q6jxnn,1
https://www.dropbox.com,0
https://xn--cha-84d.com/update,1
http://104.21.29.107/instagram/billing.php,1
https://www.reddit.com/products/laptop?ref=33311,0
https://xn--ama-14d.com/reset-password,1
http://irs.id.session.verify.info/verify.php?id=5773,1
http://45.33.197.150/dhl/reset-password.php,1
https://www.netflix.com/en/help?ref=36720,0
https://www.github.com/about,0
https://www.apple.com/about?ref=15993,0
https://www.netflix.com/blog/2026/update?ref=12835,0
http://paypal-account-signin.icu/signin,1
http://bit.ly/3bfh024,1
http://bit.ly/3litnt0,1
https://www.linkedin.com/products/laptop?ref=83502,0
http://104.21.94.99/amazon/login.php,1
https://www.amazon.com/user/profile?ref=43517,0
http://microsoft-account-confirm.loan/confirm,1
http://coinbase-login-billing.top/billing,1
https://www.gov.uk/search?q=news,0
https://www.spotify.com/about?ref=62462,0
https://www.adobe.com/en/help?ref=21807,0
https://www.who.int/products/laptop,0
http://netflix-verify-signin.loan/signin,1
https://www.microsoft.com/,0
https://www.gov.uk/docs/api,0
https://www.linkedin.com/products/laptop,0
http://irs.session.id.session.info/signin.php?id=2392,1
https://www.unimelb.edu.au/user/profile?ref=74464,0
http://bit.ly/ga0x7zc,1
https://xn--pay-73d.com/webscr,1
https://www.who.int/docs/api?ref=92983,0
http://session.secure.id.account.loan/account.php?id=9743,1
https://www.microsoft.com/docs/api?ref=77556,0
https://www.adobe.com/en/help?ref=50615,0
https://www.who.int/?ref=13672,0
https://www.bbc.co.uk/products/laptop,0
https://www.spotify.com/products/laptop?ref=19030,0
http://bit.ly/gnmby49,1
https://www.dropbox.com/products/laptop,0
http://bit.ly/erxdoua,1
http://outlook-verify-reset-password.click/reset-password,1
http://bit.ly/lp8ii7e,1
https://www.gov.uk?ref=10724,0
https://www.github.com/search?q=news&ref=21676,0
https://www.dropbox.com/en/help,0
https://www.stackoverflow.com/en/help,0
http://session.secure.session.secure.win/verify.php?id=2925,1
http://192.168.85.235/irs/webscr.php,1
https://www.unimelb.edu.au/blog/2026/update,0
http://irs.irs.session.session.icu/update.php?id=4259,1
http://reset-password.session.id.secure.xyz/reset-password.php?id=5441,1
https://www.amazon.com/products/laptop?ref=58963,0
https://www.github.com/about?ref=49393,0
https://www.google.com/,0
https://www.spotify.com/docs/api?ref=34408,0
https://www.dropbox.com/?ref=59138,0
http://104.21.219.127/coinbase/verify.php,1
http://104.21.140.201/bankofamerica/confirm.php,1
http://instagram-account-reset-password.click/reset-password,1
https://www.spotify.com/en/help?ref=9161,0
https://www.github.com/docs/api?ref=99290,0
http://reset-password.dhl.dhl.id.top/reset-password.php?id=8982,1
http://microsoft-id-billing.buzz/billing,1
http://bit.ly/08kg68a,1
http://reset-password.reset-password.reset-password.irs.top/reset-password.php?id=5641,1
https://www.commbank.com.au/products/laptop?ref=25050,0
https://www.adobe.com/?ref=60890,0
http://10.0.96.126/coinbase/login.php,1
http://bit.ly/yg3dxvl,1
https://xn--ama-10d.com/login,1
http://netflix.id.secure.netflix.top/reset-password.php?id=5543,1
https://www.github.com/search?q=news,0
http://netflix-id-update.top/update,1
https://www.gov.uk/docs/api,0
https://www.adobe.com/en/help?ref=72810,0
http://192.168.136.228/amazon/webscr.php,1
https://xn--irs-38d.com/login,1
https://xn--cha-15d.com/signin,1
http://10.0.111.115/microsoft/secure.php,1
http://10.0.83.185/outlook/confirm.php,1
https://www.netflix.com/search?q=news,0
https://xn--pay-66d.com/webscr,1
https://www.spotify.com/docs/api?ref=93995,0
https://www.wikipedia.org/search?q=news&ref=79554,0
http://id.outlook.secure.outlook.tk/verify.php?id=5231,1
http://104.21.149.26/coinbase/account.php,1
http://bit.ly/tjopz1r,1
http://microsoft-id-confirm.loan/confirm,1
https://www.commbank.com.au?ref=62621,0
https://www.dropbox.com/products/laptop,0
http://bit.ly/q0mftg6,1
https://xn--mic-98d.com/reset-password,1
http://bit.ly/2cu7onz,1
https://www.stackoverflow.com/user/profile?ref=67809,0
https://www.abc.net.au/search?q=news&ref=27342,0
https://www.spotify.com/about?ref=38601,0
https://www.amazon.com/user/profile,0
https://www.spotify.com/docs/api,0
https://www.gov.uk/search?q=news,0
https://www.abc.net.au/search?q=news&ref=64201,0
http://irs-verify-webscr.icu/webscr,1
https://www.reddit.com/search?q=news,0
https://www.dropbox.com/docs/api,0
https://www.amazon.com/?ref=46293,0
https://www.commbank.com.au/about,0
https://www.commbank.com.au/about?ref=80276,0
https://www.unimelb.edu.au/blog/2026/update?ref=85790,0
http://apple-id-login.xyz/login,1
https://www.amazon.com/products/laptop?ref=84886,0
https://www.nytimes.com/about?ref=5877,0
http://bit.ly/5ikgeq2,1
https://www.amazon.com/products/laptop?ref=34862,0
http://104.21.143.136/irs/signin.php,1
http://outlook-id-verify.top/verify,1
https://www.apple.com/en/help?ref=98912,0
https://www.linkedin.com/user/profile?ref=43600,0
http://session.session.irs.id.info/webscr.php?id=8301,1
http://bit.ly/lay64yf,1
https://www.linkedin.com/user/profile?ref=19131,0
https://www.wikipedia.org/?ref=87761,0
https://www.nytimes.com,0
https://www.dropbox.com?ref=50015,0
https://www.stackoverflow.com/products/laptop?ref=31775,0
http://45.33.73.167/bankofamerica/account.php,1
https://www.nytimes.com/en/help,0
https://www.apple.com/user/profile,0
http://session.update.id.id.click/update.php?id=4050,1
https://www.adobe.com/blog/2026/update,0
http://outlook-secure-account.click/account,1
http://104.21.234.152/microsoft/secure.php,1
https://www.commbank.com.au/user/profile,0
http://bit.ly/ka34mqa,1
https://www.abc.net.au/products/laptop?ref=33662,0
http://bit.ly/cw9yil8,1
http://bit.ly/dh0uyhn,1
http://104.21.36.211/paypal/verify.php,1
http://chase-secure-confirm.buzz/confirm,1
http://bit.ly/vg7oq2z,1
https://www.nytimes.com/about,0
https://www.linkedin.com/docs/api,0
https://www.commbank.com.au/en/help?ref=38762,0
http://apple-secure-update.buzz/update,1
https://xn--pay-49d.com/signin,1
https://www.unimelb.edu.au/docs/api,0
https://www.unimelb.edu.au/search?q=news&ref=75766,0
https://xn--cha-53d.com/login,1
https://www.netflix.com/,0
https://www.dropbox.com/about,0
https://www.amazon.com?ref=80635,0
http://192.168.75.202/chase/reset-password.php,1
http://irs-account-signin.loan/signin,1
https://xn--ins-72d.com/billing,1
https://www.gov.uk/user/profile,0
http://session.session.session.netflix.gq/login.php?id=5590,1
http://session.netflix.signin.id.click/signin.php?id=8418,1
http://45.33.170.219/apple/signin.php,1
https://www.reddit.com/products/laptop,0
https://www.commbank.com.au/products/laptop?ref=39890,0
https://www.github.com/docs/api,0
http://bit.ly/p7iyf0d,1
https://www.gov.uk,0
https://www.gov.uk/?ref=42553,0
https://www.bbc.co.uk/,0
http://paypal-login-webscr.click/webscr,1
https://www.stackoverflow.com,0
https://www.adobe.com/search?q=news&ref=41562,0
https://xn--ban-77d.com/update,1
https://www.dropbox.com/user/profile,0
http://id.id.chase.id.tk/signin.php?id=6666,1
https://www.linkedin.com/about,0
http://dhl-account-update.tk/update,1
https://www.unimelb.edu.au/products/laptop,0
http://irs.id.id.secure.info/secure.php?id=6935,1
http://chase-login-webscr.win/webscr,1
http://verify.netflix.verify.netflix.top/verify.php?id=9290,1
http://bit.ly/8ertb74,1
https://www.google.com/docs/api?ref=47105,0
https://xn--ban-63d.com/verify,1
https://www.linkedin.com/products/laptop?ref=20342,0
http://irs-id-account.xyz/account,1
https://www.wikipedia.org/search?q=news,0
http://192.168.161.17/apple/verify.php,1
https://www.adobe.com/en/help,0
https://www.microsoft.com/blog/2026/update?ref=38752,0
https://www.amazon.com/about,0
https://www.apple.com/docs/api?ref=88584,0
https://xn--pay-16d.com/signin,1
https://www.who.int/docs/api?ref=8518,0
https://www.gov.uk/products/laptop,0
https://www.amazon.com/about,0
http://session.signin.secure.signin.gq/signin.php?id=3270,1
https://xn--cha-41d.com/billing,1
http://instagram-secure-account.buzz/account,1
http://irs.irs.secure.secure.loan/reset-password.php?id=6315,1
https://www.github.com/en/help,0
https://www.bbc.co.uk/en/help?ref=88878,0
https://www.commbank.com.au/docs/api?ref=78236,0
http://login.apple.session.session.loan/login.php?id=2130,1
https://www.who.int/blog/2026/update?ref=62433,0
https://www.wikipedia.org/products/laptop,0
https://www.nytimes.com?ref=47955,0
https://www.stackoverflow.com/en/help,0
https://www.bbc.co.uk/products/laptop,0
https://www.apple.com/products/laptop,0
http://instagram-account-verify.click/verify,1
https://www.adobe.com/blog/2026/update,0
https://www.unimelb.edu.au/about,0
http://10.0.223.214/amazon/billing.php,1
https://www.apple.com?ref=92818,0
http://bit.ly/zareiya,1
https://www.stackoverflow.com/products/laptop?ref=90783,0
http://bit.ly/yvyv2gq,1
http://192.168.198.229/bankofamerica/login.php,1
http://45.33.18.77/dhl/webscr.php,1
http://dhl-id-billing.win/billing,1
http://session.irs.irs.reset-password.buzz/reset-password.php?id=3267,1
https://www.amazon.com/search?q=news&ref=71701,0
http://bit.ly/0i9g5dz,1
https://www.microsoft.com/docs/api?ref=30949,0
https://www.stackoverflow.com/,0
http://verify.session.secure.amazon.top/verify.php?id=1475,1
http://irs-id-billing.buzz/billing,1
https://www.spotify.com/blog/2026/update?ref=72176,0
https://xn--net-74d.com/login,1
https://www.dropbox.com/blog/2026/update,0
https://www.gov.uk/blog/2026/update,0
http://session.session.confirm.session.loan/confirm.php?id=6885,1
https://xn--app-27d.com/webscr,1
https://www.who.int/user/profile?ref=99453,0
http://bit.ly/khub2rt,1
http://id.coinbase.id.secure.buzz/account.php?id=2728,1
http://secure.id.session.session.icu/signin.php?id=3717,1
http://bit.ly/tixc7ur,1
http://10.0.49.88/dhl/reset-password.php,1
https://www.reddit.com?ref=9855,0
https://www.nytimes.com/products/laptop?ref=61901,0
https://www.wikipedia.org?ref=28686,0
https://www.spotify.com/search?q=news&ref=23037,0
http://bit.ly/b7kr0ay,1
https://www.github.com/en/help?ref=67535,0
https://www.who.int/products/laptop?ref=31340,0
http://bit.ly/wybow23,1
http://104.21.52.25/netflix/billing.php,1
http://amazon-id-billing.top/billing,1
https://xn--cha-92d.com/update,1
http://104.21.117.1/apple/verify.php,1
http://bankofamerica-id-secure.info/secure,1
https://xn--ban-78d.com/secure,1
http://outlook-account-secure.xyz/secure,1
https://www.bbc.co.uk/blog/2026/update?ref=8146,0
https://www.linkedin.com/blog/2026/update?ref=87057,0
https://www.abc.net.au,0
http://session.session.session.session.top/confirm.php?id=5098,1
https://www.reddit.com,0
http://bit.ly/ob0nlw0,1
https://www.linkedin.com/en/help?ref=4617,0
https://www.reddit.com/about,0
https://www.abc.net.au/search?q=news,0
https://www.stackoverflow.com,0
https://www.stackoverflow.com/about,0
https://www.who.int?ref=19964,0
http://apple-secure-reset-password.buzz/reset-password,1
https://www.unimelb.edu.au/products/laptop,0
https://www.linkedin.com/en/help?ref=12542,0
http://outlook-account-account.click/account,1
https://www.google.com/en/help,0
http://session.session.secure.secure.xyz/reset-password.php?id=8779,1
https://www.netflix.com/user/profile?ref=11077,0
http://bankofamerica.id.signin.signin.click/signin.php?id=5308,1
http://paypal-account-signin.gq/signin,1
http://instagram-secure-billing.win/billing,1
https://www.nytimes.com/docs/api?ref=35664,0
https://www.gov.uk/search?q=news&ref=93778,0
http://coinbase-account-billing.buzz/billing,1
http://bit.ly/cuctsuf,1
http://bit.ly/4yrp5ge,1
http://bit.ly/20rape6,1
https://xn--out-90d.com/login,1
http://chase-verify-reset-password.info/reset-password,1
https://www.who.int/search?q=news,0
https://www.gov.uk/blog/2026/update,0
https://www.microsoft.com/docs/api?ref=45681,0
http://apple-login-account.loan/account,1
https://www.gov.uk/?ref=64699,0
http://instagram-verify-billing.xyz/billing,1
https://xn--net-54d.com/billing,1
http://microsoft-id-login.buzz/login,1
http://session.session.id.secure.xyz/billing.php?id=4304,1
http://login.secure.login.id.icu/login.php?id=8600,1
https://www.spotify.com/docs/api,0
https://www.nytimes.com/search?q=news&ref=98370,0
https://www.wikipedia.org/search?q=news&ref=5117,0
http://45.33.160.156/coinbase/reset-password.php,1
https://www.nytimes.com/en/help,0
https://www.wikipedia.org/search?q=news,0
http://bankofamerica-verify-reset-password.info/reset-password,1
https://www.nytimes.com/en/help?ref=22581,0
https://www.wikipedia.org/en/help?ref=73512,0
https://xn--coi-40d.com/update,1
https://www.gov.uk/en/help?ref=17704,0
http://104.21.212.39/amazon/reset-password.php,1
https://www.spotify.com/user/profile,0
https://www.dropbox.com/en/help?ref=93124,0
https://www.spotify.com/blog/2026/update?ref=53976,0
https://www.gov.uk/products/laptop?ref=83447,0
https://www.who.int?ref=94850,0
https://www.dropbox.com/en/help?ref=48526,0
https://www.unimelb.edu.au/?ref=12188,0
http://bit.ly/iiji44m,1
https://www.microsoft.com/user/profile?ref=84130,0
http://192.168.62.53/paypal/signin.php,1
http://45.33.102.186/coinbase/confirm.php,1
https://xn--out-46d.com/secure,1
http://10.0.115.193/netflix/signin.php,1
http://bit.ly/vyb6li0,1
http://billing.secure.session.secure.top/billing.php?id=1681,1
https://www.google.com/docs/api,0
http://10.0.58.206/irs/login.php,1
http://secure.chase.session.chase.info/reset-password.php?id=9419,1
https://www.gov.uk/search?q=news,0
https://xn--ins-94d.com/login,1
https://www.nytimes.com/products/laptop?ref=40251,0
http://outlook.webscr.secure.outlook.icu/webscr.php?id=4707,1
https://www.wikipedia.org/about?ref=74772,0
https://www.amazon.com/?ref=88012,0
https://xn--pay-98d.com/confirm,1
https://www.stackoverflow.com/en/help?ref=44054,0
http://id.secure.coinbase.id.win/update.php?id=9608,1
http://10.0.166.157/amazon/confirm.php,1
https://www.reddit.com/en/help?ref=7658,0
https://www.gov.uk/blog/2026/update?ref=33177,0
https://www.amazon.com/docs/api?ref=21379,0
https://www.reddit.com,0
https://xn--dhl-60d.com/reset-password,1
http://apple-id-account.tk/account,1
https://xn--mic-26d.com/confirm,1
https://www.spotify.com/docs/api?ref=56255,0
http://bit.ly/5dlxzf0,1
http://192.168.115.154/apple/billing.php,1
https://xn--ins-47d.com/update,1
https://www.apple.com/about,0
https://www.google.com/,0
https://www.commbank.com.au/en/help,0
https://www.wikipedia.org/?ref=95025,0
https://www.stackoverflow.com/en/help?ref=54476,0
https://www.adobe.com/user/profile,0
http://dhl-account-secure.info/secure,1
https://www.stackoverflow.com/products/laptop,0
https://www.dropbox.com/blog/2026/update?ref=68154,0
http://bankofamerica.secure.secure.secure.top/secure.php?id=5382,1
https://www.linkedin.com/about?ref=12104,0
http://secure.netflix.netflix.id.xyz/signin.php?id=4275,1
https://www.apple.com/en/help?ref=90364,0
http://192.168.218.88/instagram/secure.php,1
http://secure.id.update.update.buzz/update.php?id=2916,1
http://microsoft.session.id.session.tk/webscr.php?id=8921,1
https://www.netflix.com/?ref=45725,0
http://login.irs.id.session.gq/login.php?id=2245,1
http://session.secure.account.account.loan/account.php?id=9967,1
https://www.microsoft.com/search?q=news&ref=11641,0
https://www.apple.com/about,0
https://www.abc.net.au/en/help?ref=99992,0
https://www.bbc.co.uk/search?q=news,0
https://www.github.com/user/profile,0
https://www.commbank.com.au/about?ref=88153,0
https://www.spotify.com/about,0
https://www.commbank.com.au?ref=75928,0
http://session.signin.instagram.signin.icu/signin.php?id=2380,1
http://10.0.138.84/irs/account.php,1
https://www.who.int/about,0
http://bit.ly/qjqijc1,1
http://microsoft-verify-login.info/login,1
https://www.apple.com/about,0
http://confirm.outlook.id.confirm.click/confirm.php?id=5923,1
http://id.chase.chase.secure.loan/secure.php?id=5064,1
http://id.chase.id.secure.info/login.php?id=9589,1
https://www.abc.net.au/?ref=76574,0
https://xn--net-71d.com/secure,1
https://www.commbank.com.au,0
http://secure.session.secure.secure.icu/secure.php?id=3198,1
https://www.apple.com/,0
http://id.verify.id.session.loan/verify.php?id=9465,1
https://www.wikipedia.org/docs/api,0
http://192.168.56.115/instagram/update.php,1
https://www.apple.com/,0
https://www.adobe.com/?ref=9392,0
http://bit.ly/up8ijl2,1
https://www.gov.uk?ref=57148,0
https://www.github.com,0
https://xn--mic-97d.com/update,1
http://instagram-login-signin.top/signin,1
http://bit.ly/fhhcmkt,1
https://www.who.int/search?q=news,0
https://www.bbc.co.uk/products/laptop,0
http://45.33.179.107/chase/signin.php,1
https://www.unimelb.edu.au/products/laptop?ref=69062,0
http://session.verify.paypal.paypal.click/verify.php?id=1828,1
http://id.id.id.signin.gq/signin.php?id=7322,1
https://xn--app-57d.com/billing,1
https://www.reddit.com/en/help?ref=32358,0
http://irs-verify-signin.icu/signin,1
https://www.unimelb.edu.au/en/help,0
https://www.nytimes.com/about?ref=91921,0
https://www.gov.uk/search?q=news&ref=88796,0
http://bit.ly/0vdp6or,1
https://www.unimelb.edu.au/products/laptop?ref=2071,0
http://bit.ly/nbti22n,1
https://www.netflix.com/search?q=news,0
https://xn--dhl-79d.com/webscr,1
https://xn--coi-64d.com/confirm,1
http://bit.ly/w2qitng,1
https://www.stackoverflow.com/docs/api?ref=82399,0
https://www.nytimes.com/blog/2026/update?ref=88410,0
https://www.spotify.com/?ref=23617,0
https://www.netflix.com/blog/2026/update?ref=32571,0
http://apple-secure-secure.tk/secure,1
https://xn--pay-81d.com/reset-password,1
https://www.gov.uk/products/laptop?ref=62993,0
https://www.gov.uk/en/help,0
https://www.reddit.com/en/help,0
http://billing.secure.session.id.buzz/billing.php?id=6152,1
https://www.who.int/en/help?ref=68551,0
https://www.unimelb.edu.au?ref=52543,0
https://www.adobe.com/en/help?ref=12300,0
http://45.33.119.162/bankofamerica/billing.php,1
http://45.33.221.71/chase/update.php,1
http://instagram-secure-secure.info/secure,1
https://www.adobe.com/en/help?ref=86477,0
https://www.abc.net.au/en/help?ref=46793,0
https://www.commbank.com.au/?ref=35116,0
https://www.abc.net.au/user/profile,0
http://45.33.146.173/instagram/confirm.php,1
http://bit.ly/1kfk7y6,1
https://www.linkedin.com/products/laptop?ref=19301,0
http://bit.ly/jf4aq7b,1
https://www.adobe.com,0
https://www.unimelb.edu.au/products/laptop?ref=33406,0
https://www.apple.com/blog/2026/update,0
http://45.33.134.133/microsoft/webscr.php,1
https://www.bbc.co.uk/docs/api?ref=30102,0
http://id.session.session.verify.icu/verify.php?id=1359,1
https://www.who.int/en/help?ref=73692,0
https://www.spotify.com/blog/2026/update?ref=15869,0
http://id.login.session.session.top/login.php?id=8001,1
http://bit.ly/rntdr5x,1
http://session.id.id.webscr.top/webscr.php?id=4328,1
https://www.apple.com/search?q=news&ref=26313,0
http://192.168.202.74/apple/billing.php,1
http://apple-account-webscr.icu/webscr,1
https://www.spotify.com/?ref=10869,0
https://www.netflix.com/products/laptop?ref=46056,0
http://confirm.secure.secure.confirm.win/confirm.php?id=3676,1
http://microsoft-secure-webscr.top/webscr,1
https://www.bbc.co.uk/user/profile,0
https://www.netflix.com/user/profile,0
https://www.adobe.com/about?ref=97180,0
https://www.gov.uk/blog/2026/update?ref=58733,0
http://45.33.228.131/outlook/billing.php,1
https://www.netflix.com/search?q=news,0
http://bit.ly/qg433e1,1
https://xn--ama-49d.com/webscr,1
https://www.nytimes.com/user/profile?ref=47176,0
https://www.nytimes.com/?ref=67307,0
https://www.linkedin.com/en/help?ref=67263,0
https://www.abc.net.au/products/laptop,0
https://www.gov.uk/,0
https://www.github.com/docs/api,0
http://192.168.46.238/apple/update.php,1
http://verify.session.secure.secure.xyz/verify.php?id=3497,1
https://www.unimelb.edu.au/search?q=news&ref=95811,0
https://www.who.int/en/help?ref=77064,0
https://www.netflix.com/blog/2026/update?ref=84695,0
http://10.0.133.45/coinbase/verify.php,1
https://www.who.int,0
https://www.commbank.com.au/en/help?ref=87223,0
https://www.microsoft.com/user/profile?ref=37877,0
https://www.adobe.com/en/help?ref=47437,0
http://bit.ly/sz6rvdh,1
https://www.adobe.com?ref=31932,0
http://microsoft-secure-update.top/update,1
http://chase-account-webscr.gq/webscr,1
https://www.netflix.com/?ref=14875,0
http://amazon.session.id.secure.gq/webscr.php?id=9467,1
http://id.microsoft.id.session.info/confirm.php?id=8300,1
http://coinbase-login-reset-password.win/reset-password,1
http://bit.ly/5gcl9lc,1
http://bit.ly/ml90pxr,1
http://192.168.128.51/netflix/secure.php,1
http://secure.verify.dhl.session.win/verify.php?id=2480,1
https://www.abc.net.au/about,0
https://www.abc.net.au/?ref=22012,0
https://www.netflix.com/products/laptop?ref=47210,0
https://xn--dhl-60d.com/webscr,1
http://id.secure.session.secure.click/billing.php?id=2437,1
http://bit.ly/o0z5qru,1
https://www.who.int/user/profile,0
https://www.google.com/?ref=67237,0
https://www.bbc.co.uk/blog/2026/update?ref=94603,0
http://192.168.33.125/chase/verify.php,1
https://www.wikipedia.org/about,0
https://xn--app-25d.com/webscr,1
https://www.dropbox.com/products/laptop?ref=45057,0
https://www.spotify.com/docs/api,0
http://id.secure.id.id.xyz/account.php?id=1590,1
https://xn--dhl-65d.com/confirm,1
https://www.abc.net.au/,0
http://bit.ly/f6jng7l,1
http://104.21.4.5/paypal/reset-password.php,1
https://xn--out-86d.com/billing,1
https://www.stackoverflow.com/docs/api,0
https://www.bbc.co.uk/search?q=news,0
https://www.amazon.com/en/help,0
http://bit.ly/9lzs34j,1
http://apple.id.update.secure.win/update.php?id=9595,1
https://www.microsoft.com/en/help,0
http://10.0.100.221/chase/confirm.php,1
https://www.reddit.com/blog/2026/update?ref=89686,0
http://netflix.netflix.reset-password.id.win/reset-password.php?id=5510,1
https://www.abc.net.au/about?ref=67562,0
https://www.spotify.com/?ref=21730,0
http://paypal-verify-login.buzz/login,1
https://www.linkedin.com/docs/api,0
https://xn--app-98d.com/signin,1
https://www.netflix.com/search?q=news&ref=13987,0
http://session.chase.chase.secure.loan/webscr.php?id=6529,1
http://update.update.update.secure.icu/update.php?id=4984,1
http://104.21.113.60/amazon/login.php,1
https://www.adobe.com/,0
https://www.adobe.com/products/laptop,0
https://xn--ins-57d.com/secure,1
https://www.stackoverflow.com/?ref=60028,0
https://www.github.com/about?ref=51205,0
http://bit.ly/nrhzn4k,1
http://amazon-id-confirm.loan/confirm,1
http://bit.ly/tcagrp2,1
http://bit.ly/8nbhnal,1
https://www.unimelb.edu.au/products/laptop,0
http://id.reset-password.bankofamerica.bankofamerica.tk/reset-password.php?id=5888,1
https://www.commbank.com.au/blog/2026/update,0
https://www.github.com/products/laptop?ref=94502,0
https://www.microsoft.com?ref=72066,0
https://www.apple.com/docs/api,0
http://192.168.128.225/netflix/signin.php,1
http://chase-secure-login.tk/login,1
http://bit.ly/4j66cno,1
https://www.dropbox.com?ref=62993,0
https://www.spotify.com/?ref=25931,0
https://www.abc.net.au/?ref=30038,0
https://www.github.com/en/help,0
http://secure.billing.id.session.top/billing.php?id=2373,1
http://192.168.124.186/outlook/reset-password.php,1
http://microsoft-account-secure.click/secure,1
https://xn--mic-61d.com/secure,1
https://www.github.com/about?ref=9907,0
http://webscr.secure.amazon.webscr.info/webscr.php?id=4584,1
https://www.wikipedia.org,0
https://www.microsoft.com/search?q=news&ref=31613,0
https://www.commbank.com.au/search?q=news&ref=31539,0
http://192.168.219.75/apple/verify.php,1
http://bit.ly/bxnrwvb,1
http://chase-verify-signin.gq/signin,1
https://xn--dhl-16d.com/billing,1
https://www.wikipedia.org/docs/api?ref=95317,0
https://xn--app-47d.com/login,1
https://www.bbc.co.uk/search?q=news&ref=34289,0
https://www.github.com/en/help,0
http://id.id.id.secure.xyz/confirm.php?id=8993,1
http://dhl-account-signin.buzz/signin,1
http://bit.ly/o20u9is,1
https://www.microsoft.com/blog/2026/update?ref=7265,0
https://www.github.com/blog/2026/update?ref=55460,0
http://bankofamerica-secure-webscr.click/webscr,1
https://www.spotify.com/blog/2026/update,0
https://xn--ama-46d.com/reset-password,1
https://www.nytimes.com/blog/2026/update?ref=35795,0
https://www.reddit.com/en/help?ref=26042,0
http://paypal-verify-confirm.xyz/confirm,1
https://www.unimelb.edu.au/en/help?ref=23699,0
https://xn--pay-85d.com/account,1
http://10.0.32.4/dhl/secure.php,1
http://bit.ly/dbpgvv4,1
https://www.google.com/products/laptop,0
https://www.who.int/?ref=83544,0
http://dhl.secure.secure.secure.win/login.php?id=6049,1
http://id.login.id.login.xyz/login.php?id=3112,1
https://www.bbc.co.uk/blog/2026/update?ref=15029,0
https://www.dropbox.com/user/profile?ref=39752,0
http://45.33.218.17/instagram/webscr.php,1
https://www.linkedin.com/about,0
http://apple-account-verify.xyz/verify,1
http://instagram-verify-login.win/login,1
http://secure.session.outlook.session.icu/webscr.php?id=2140,1
http://bit.ly/qy3odsx,1
http://amazon-id-update.gq/update,1
https://xn--app-10d.com/secure,1
http://microsoft-verify-billing.loan/billing,1
https://www.dropbox.com/search?q=news&ref=87374,0
https://www.reddit.com/about,0
http://bit.ly/n1r4kz3,1
https://www.gov.uk/user/profile?ref=66435,0
https://www.commbank.com.au/blog/2026/update,0
https://www.adobe.com/blog/2026/update?ref=31217,0
https://xn--dhl-32d.com/login,1
http://session.secure.session.secure.xyz/secure.php?id=2974,1
https://xn--ama-87d.com/reset-password,1
http://outlook-id-billing.win/billing,1
https://xn--irs-27d.com/webscr,1
https://www.github.com?ref=20597,0
http://10.0.94.84/outlook/secure.php,1
https://www.nytimes.com/docs/api,0
https://www.adobe.com/search?q=news&ref=19830,0
http://session.secure.secure.session.click/billing.php?id=8734,1
http://45.33.6.148/apple/reset-password.php,1
http://id.session.billing.billing.icu/billing.php?id=8904,1
https://www.reddit.com/products/laptop?ref=92303,0
http://account.id.secure.irs.tk/account.php?id=3378,1
https://www.microsoft.com/user/profile?ref=50797,0
http://192.168.218.193/microsoft/billing.php,1
https://www.who.int/blog/2026/update,0
https://www.bbc.co.uk/user/profile,0
https://www.bbc.co.uk/docs/api,0
https://www.github.com/blog/2026/update,0
http://outlook-account-verify.buzz/verify,1
http://bit.ly/yf9rk7d,1
https://www.github.com/?ref=20442,0
https://www.google.com/products/laptop,0
https://www.commbank.com.au/about?ref=97810,0
http://bit.ly/npm6jqf,1
http://104.21.40.161/coinbase/verify.php,1
http://104.21.150.103/dhl/billing.php,1
http://104.21.94.90/coinbase/signin.php,1
https://www.adobe.com/products/laptop?ref=83578,0
http://session.amazon.secure.id.xyz/verify.php?id=1157,1
http://45.33.248.204/outlook/signin.php,1
http://coinbase-id-reset-password.click/reset-password,1
https://www.amazon.com/products/laptop,0
https://xn--coi-51d.com/account,1
https://www.amazon.com/docs/api,0
http://104.21.201.251/chase/account.php,1
http://bit.ly/q37csuy,1
https://www.nytimes.com/user/profile,0
http://id.reset-password.instagram.reset-password.gq/reset-password.php?id=9043,1
https://www.spotify.com/en/help?ref=42505,0
https://www.github.com/docs/api,0
http://secure.chase.secure.signin.tk/signin.php?id=1137,1
https://www.stackoverflow.com/user/profile?ref=20080,0
http://104.21.187.134/netflix/update.php,1
http://10.0.215.20/apple/signin.php,1
https://xn--cha-37d.com/update,1
http://bit.ly/pniqfg5,1
https://www.linkedin.com/en/help?ref=22241,0
http://netflix.netflix.netflix.verify.info/verify.php?id=3999,1
http://apple-account-update.icu/update,1
https://www.who.int/blog/2026/update?ref=76748,0
http://10.0.216.162/paypal/signin.php,1
https://www.spotify.com/user/profile?ref=21885,0
http://10.0.170.85/chase/account.php,1
https://www.netflix.com/search?q=news,0
https://www.who.int/user/profile?ref=15662,0
https://xn--pay-72d.com/account,1
http://secure.id.secure.session.buzz/signin.php?id=7288,1
https://www.bbc.co.uk/?ref=51351,0
http://bit.ly/rrvsffc,1
https://www.microsoft.com/products/laptop?ref=31947,0
http://chase-verify-update.icu/update,1
https://www.spotify.com/about,0
https://www.dropbox.com/products/laptop?ref=66513,0
http://id.secure.session.session.icu/webscr.php?id=5501,1
http://192.168.23.19/dhl/confirm.php,1
https://www.stackoverflow.com/search?q=news,0
https://www.github.com/en/help?ref=83397,0
http://netflix-id-confirm.buzz/confirm,1
http://bit.ly/vrhxqpv,1
https://www.who.int/docs/api?ref=21932,0
https://www.bbc.co.uk/search?q=news&ref=54424,0
https://www.spotify.com/,0
https://www.amazon.com/en/help?ref=14447,0
https://www.netflix.com/about?ref=20194,0
http://192.168.188.207/outlook/update.php,1
http://secure.secure.id.id.info/confirm.php?id=4053,1
https://www.wikipedia.org/docs/api?ref=11205,0
https://www.unimelb.edu.au/blog/2026/update,0
https://www.unimelb.edu.au/en/help?ref=41441,0
http://45.33.7.234/bankofamerica/update.php,1
http://192.168.12.236/microsoft/update.php,1
http://irs-secure-account.gq/account,1
http://session.session.id.signin.top/signin.php?id=2415,1
http://104.21.158.2/apple/secure.php,1
https://www.linkedin.com/en/help?ref=52717,0
http://104.21.215.162/amazon/update.php,1
http://10.0.228.97/apple/confirm.php,1
http://192.168.148.211/microsoft/update.php,1
http://secure.secure.session.secure.top/verify.php?id=8439,1
https://www.unimelb.edu.au/search?q=news&ref=61332,0
https://www.unimelb.edu.au/user/profile?ref=43081,0
https://www.adobe.com/?ref=33495,0
https://www.reddit.com/user/profile,0
http://bit.ly/uprt77g,1
https://www.bbc.co.uk/?ref=14256,0
https://www.abc.net.au/blog/2026/update?ref=5082,0
http://dhl-verify-webscr.top/webscr,1
https://www.stackoverflow.com/products/laptop,0
https://xn--coi-84d.com/secure,1
https://xn--ins-45d.com/account,1
http://secure.webscr.secure.amazon.loan/webscr.php?id=2185,1
http://secure.secure.session.irs.xyz/reset-password.php?id=5025,1
https://www.who.int/blog/2026/update,0
https://www.gov.uk/docs/api?ref=94718,0
http://dhl-verify-secure.gq/secure,1
https://www.microsoft.com/docs/api,0
https://www.bbc.co.uk/docs/api?ref=98120,0
http://bankofamerica-secure-signin.tk/signin,1
https://www.reddit.com/,0
https://www.linkedin.com/blog/2026/update?ref=91257,0
https://www.commbank.com.au/en/help?ref=17021,0
http://session.chase.chase.id.win/login.php?id=2889,1
http://192.168.88.91/coinbase/account.php,1
https://www.google.com/blog/2026/update?ref=60609,0
https://www.github.com/docs/api?ref=97835,0
https://www.stackoverflow.com/docs/api,0
https://www.abc.net.au/products/laptop?ref=7175,0
https://www.amazon.com/about?ref=82851,0
https://www.spotify.com/about?ref=81805,0
https://www.dropbox.com/about?ref=27724,0
https://www.bbc.co.uk/?ref=35737,0
https://www.netflix.com/about,0
https://www.google.com/products/laptop?ref=86929,0
https://www.bbc.co.uk/en/help?ref=52645,0
http://45.33.93.93/dhl/confirm.php,1
https://www.stackoverflow.com/blog/2026/update,0
https://www.gov.uk/search?q=news&ref=34586,0
http://coinbase.id.session.secure.gq/reset-password.php?id=2127,1
https://www.linkedin.com/user/profile,0
https://www.spotify.com/?ref=37500,0
https://www.bbc.co.uk,0
https://www.apple.com/blog/2026/update?ref=92917,0
https://www.github.com/about?ref=83978,0
http://bit.ly/e05qmkt,1
https://xn--irs-48d.com/secure,1
https://www.commbank.com.au/blog/2026/update,0
http://bit.ly/o119xp9,1
https://www.wikipedia.org/user/profile?ref=77569,0
https://www.wikipedia.org/products/laptop,0
https://www.bbc.co.uk/,0
http://10.0.240.192/bankofamerica/webscr.php,1
https://xn--ama-72d.com/signin,1
http://10.0.88.186/outlook/billing.php,1
https://xn--net-90d.com/account,1
http://id.session.netflix.reset-password.xyz/reset-password.php?id=9511,1
https://xn--cha-79d.com/webscr,1
https://xn--dhl-88d.com/secure,1
http://bankofamerica-account-reset-password.tk/reset-password,1
https://www.wikipedia.org/search?q=news,0
http://confirm.confirm.coinbase.confirm.buzz/confirm.php?id=8501,1
http://paypal-login-account.gq/account,1
http://192.168.224.19/netflix/signin.php,1
https://www.bbc.co.uk/products/laptop?ref=35099,0
http://coinbase.secure.session.session.buzz/update.php?id=3762,1
https://www.stackoverflow.com/products/laptop?ref=18790,0
https://www.abc.net.au/blog/2026/update,0
http://chase-verify-reset-password.icu/reset-password,1
https://www.linkedin.com/user/profile?ref=43840,0
http://verify.paypal.secure.paypal.top/verify.php?id=2477,1
http://bit.ly/aytxw1v,1
https://www.who.int/docs/api?ref=90224,0
http://104.21.49.135/coinbase/reset-password.php,1
https://www.nytimes.com/search?q=news&ref=48049,0
https://www.commbank.com.au,0
http://chase-account-billing.top/billing,1
https://www.spotify.com/blog/2026/update?ref=31005,0
https://xn--ins-13d.com/secure,1
http://irs-id-signin.buzz/signin,1
https://www.apple.com,0
https://www.amazon.com/docs/api?ref=52173,0
http://id.id.outlook.outlook.gq/login.php?id=3248,1
http://45.33.250.191/amazon/verify.php,1
https://www.netflix.com/docs/api?ref=53505,0
https://xn--cha-43d.com/billing,1
https://www.github.com/docs/api,0
http://webscr.session.webscr.session.icu/webscr.php?id=4115,1
https://www.stackoverflow.com/,0
http://192.168.121.228/coinbase/billing.php,1
https://www.gov.uk/products/laptop?ref=41425,0
https://www.stackoverflow.com/docs/api?ref=47244,0
http://id.session.id.microsoft.win/billing.php?id=8529,1
http://bit.ly/dsgv6to,1
http://bit.ly/61j88qe,1
https://xn--dhl-70d.com/secure,1
http://bankofamerica-secure-secure.top/secure,1
http://reset-password.id.id.reset-password.loan/reset-password.php?id=1769,1
https://www.reddit.com?ref=93104,0
https://xn--ban-29d.com/login,1
http://192.168.97.11/microsoft/verify.php,1
http://netflix-secure-signin.info/signin,1
https://www.amazon.com/about?ref=80887,0
https://www.microsoft.com/?ref=83213,0
https://www.google.com?ref=8355,0
http://192.168.219.36/apple/login.php,1
http://192.168.230.241/dhl/verify.php,1
https://www.wikipedia.org/products/laptop,0
https://www.adobe.com/en/help?ref=73512,0
https://www.apple.com/blog/2026/update?ref=71798,0
https://www.spotify.com/docs/api?ref=28653,0
https://www.apple.com/blog/2026/update,0
https://www.bbc.co.uk/?ref=55387,0
https://www.reddit.com/products/laptop?ref=71592,0
https://www.adobe.com/blog/2026/update,0
https://xn--ban-54d.com/signin,1
http://verify.verify.id.session.win/verify.php?id=8248,1
http://104.21.211.186/microsoft/billing.php,1
http://dhl-login-billing.win/billing,1
https://www.amazon.com/about?ref=93231,0
http://45.33.123.119/dhl/secure.php,1
http://192.168.209.149/paypal/reset-password.php,1
https://www.netflix.com/about,0
https://www.abc.net.au/en/help,0
http://bit.ly/bgk2wbx,1
http://dhl-verify-update.gq/update,1
http://session.paypal.session.session.gq/update.php?id=5093,1
http://microsoft-secure-login.loan/login,1
http://10.0.211.103/amazon/verify.php,1
http://192.168.242.210/irs/login.php,1
http://104.21.218.198/instagram/billing.php,1
http://bit.ly/ejzhyap,1
https://www.linkedin.com/user/profile,0
https://www.reddit.com/products/laptop?ref=10880,0
https://www.unimelb.edu.au,0
https://www.reddit.com/search?q=news&ref=72376,0
https://xn--mic-27d.com/signin,1
http://bit.ly/wftbgm5,1
https://www.apple.com/search?q=news&ref=14434,0
https://www.netflix.com/blog/2026/update,0
http://10.0.107.62/instagram/signin.php,1
http://192.168.128.117/netflix/billing.php,1
https://www.who.int/user/profile?ref=58954,0
http://10.0.240.236/microsoft/signin.php,1
https://www.adobe.com/en/help?ref=44573,0
http://104.21.249.194/apple/confirm.php,1
http://bit.ly/ikwe4bx,1
https://www.nytimes.com/docs/api?ref=84320,0
https://www.commbank.com.au/products/laptop?ref=96817,0
http://chase-verify-verify.info/verify,1
http://192.168.232.66/irs/secure.php,1
http://bit.ly/nyxtxmg,1
http://outlook.session.session.secure.tk/login.php?id=8774,1
http://id.session.update.update.top/update.php?id=3188,1
http://chase-id-account.loan/account,1
https://www.spotify.com/?ref=74133,0
https://www.reddit.com/search?q=news&ref=21036,0
https://xn--irs-57d.com/reset-password,1
https://xn--dhl-44d.com/secure,1
https://xn--out-28d.com/billing,1
https://www.unimelb.edu.au/,0
http://irs-login-billing.win/billing,1
https://xn--mic-98d.com/login,1
https://www.unimelb.edu.au/blog/2026/update,0
https://www.wikipedia.org/user/profile,0
https://www.nytimes.com,0
http://bit.ly/d2zdlx1,1
https://www.adobe.com/blog/2026/update,0
https://www.commbank.com.au/,0
https://www.apple.com/products/laptop?ref=88580,0
https://www.stackoverflow.com/docs/api?ref=1053,0
http://45.33.172.102/netflix/signin.php,1
http://id.signin.signin.coinbase.top/signin.php?id=5390,1
http://10.0.116.120/microsoft/secure.php,1
https://www.stackoverflow.com/blog/2026/update,0
